"TIME","VDAC"
0,0
6.0001e-010,0
1.20002e-009,0
2.40004e-009,0
4.80008e-009,0
9.60016e-009,0
1.920032e-008,0
3.840064e-008,0
6.0001e-008,0
6.725448801e-008,0
8.176146404e-008,0
1.075322573e-007,0
1.421640454e-007,0
1.579460648e-007,0
1.769409993e-007,0
1.978883283e-007,0
2.183667879e-007,0
2.394400865e-007,0
2.621312935e-007,0
2.871631808e-007,0
3.155529493e-007,0
3.423383785e-007,0
3.569286243e-007,0
3.716051504e-007,0
3.760463742e-007,0
3.84928822e-007,0
3.933950344e-007,0
4.098202059e-007,0
4.358241755e-007,0
4.878321145e-007,0
5.918479925e-007,0
7.565115147e-007,0
9.773304118e-007,0
1.274653433e-006,0
1.748983398e-006,0
2.497269857e-006,0
3.60083729e-006,0
5.202632546e-006,0
7.452932268e-006,0
1.001246891e-005,0
1.0108e-005,0
1.1261746e-005,0
1.1515719e-005,0
1.2023665e-005,0
1.2151927e-005,0
1.2408451e-005,0
1.2473845e-005,0
1.2604633e-005,0
1.2638587e-005,0
1.2706495e-005,0
1.2724726e-005,0
1.2761188e-005,0
1.2771556e-005,0
1.2792292e-005,0
1.2833764e-005,0
1.2916708e-005,0
1.3082596e-005,0
1.3414372e-005,0
1.4077924e-005,0
1.4119721e-005,0
1.4203315e-005,0
1.4370503e-005,0
1.4381268e-005,0
1.4402798e-005,0
1.4406115e-005,0
1.4412749e-005,0
1.4426017e-005,0
1.4452553e-005,0
1.4505625e-005,0
1.458758326e-005,0
1.467716327e-005,0
1.48563233e-005,0
1.516449324e-005,0
1.578083311e-005,0
1.701351287e-005,0
1.947887237e-005,0
2.01325817e-005,0
2.042864588e-005,0
2.078461419e-005,0
2.117272915e-005,0
2.194895905e-005,0
2.271504877e-005,0
2.424722819e-005,0
2.731158704e-005,0
3.344030474e-005,0
4.569774014e-005,0
5.869375e-005,0
5.8753751e-005,0
5.8755751e-005,0.468749
5.88170527e-005,0.468749
5.923294149e-005,0.468749
5.965543169e-005,0.468749
8.584982402e-005,0.468749
0.000109535001,0.468749
0.000109537001,0.117187
0.000109595002,0.117187
0.0001101413553,0.117187
0.0001106920106,0.117187
0.0001448326405,0.117187
0.000160316251,0.117187
0.000160318251,0.195312
0.000160386608,0.195312
0.0001608146566,0.195312
0.0001612565132,0.195312
0.0001886516213,0.195312
0.000211097501,0.195312
0.000211099501,0.3125
0.0002111614539,0.3125
0.0002116593946,0.3125
0.0002121652392,0.3125
0.0002435276011,0.3125
0.000261878751,0.3125
0.000261880751,0.390625
0.0002619494316,0.390625
0.000262390856,0.390625
0.0002628465199,0.390625
0.0002910976806,0.390625
0.000312660001,0.390625
0.000312662001,0.507812
0.0003127240782,0.507812
0.0003132376807,0.507812
0.0003137594357,0.507812
0.0003461082417,0.507812
0.000363441251,0.507812
0.000363443251,0.624999
0.0003635046252,0.624999
0.0003639296482,0.624999
0.0003643614175,0.624999
0.0003911311182,0.624999
0.000414222501,0.624999
0.000414224501,0.703124
0.0004142918135,0.703124
0.0004146766881,0.703124
0.000415073978,0.703124
0.0004397059533,0.703124
0.000465003751,0.703124
0.000465005751,0.820312
0.0004650671907,0.820312
0.0004655004681,0.820312
0.0004659406229,0.820312
0.0004932302217,0.820312
0.000515785001,0.820312
0.000515787001,0.898436
0.0005158544174,0.898436
0.0005162435866,0.898436
0.0005166453097,0.898436
0.00054155214,0.898436
0.000566566251,0.898436
0.000566568251,1.01562
0.0005666297176,1.01562
0.0005670663845,1.01562
0.0005675099825,1.01562
0.0005950130622,1.01562
0.000617347501,1.01562
0.000617349501,1.09375
0.0006174169346,1.09375
0.000617806816,1.09375
0.0006182092742,1.09375
0.0006431616835,1.09375
0.000668128751,1.09375
0.000668130751,1.21094
0.0006681922061,1.21094
0.0006686274195,1.21094
0.0006690695411,1.21094
0.0006964810797,1.21094
0.000718910001,1.21094
0.000718912001,1.28906
0.0007189793656,1.28906
0.0007193663944,1.28906
0.000719765908,1.28906
0.000744535752,1.28906
0.000769691251,1.28906
0.000769693251,1.40625
0.0007697546563,1.40625
0.0007701835992,1.40625
0.0007706193508,1.40625
0.0007976359465,1.40625
0.000820472501,1.40625
0.000820474501,1.48437
0.0008205417108,1.48437
0.0008209223426,1.48437
0.0008213152527,1.48437
0.0008708219353,1.48437
0.000871253751,1.48437
0.000871255751,1.5625
0.0008713245393,1.5625
0.0008717704128,1.5625
0.0008722306694,1.5625
0.0009007665772,1.5625
0.000922035001,1.5625
0.000922037001,1.67969
0.0009220990105,1.67969
0.0009226040759,1.67969
0.0009231171582,1.67969
0.0009549282629,1.67969
0.000972816251,1.67969
0.000972818251,1.75781
0.0009728867555,1.75781
0.0009733209017,1.75781
0.0009737690526,1.75781
0.001001554407,1.75781
0.001023597501,1.75781
0.001023599501,1.875
0.001023661365,1.875
0.001024148164,1.875
0.001024642689,1.875
0.001055303248,1.875
0.001074378751,1.875
0.001074380751,1.95312
0.001074448887,1.95312
0.001074867806,1.95312
0.001075300238,1.95312
0.001102111032,1.95312
0.001125160001,1.95312
0.001125162001,2.07031
0.001125223683,2.07031
0.00112568749,2.07031
0.00112615866,2.07031
0.001155371163,2.07031
0.001175941251,2.07031
0.001175943251,2.14843
0.001176010935,2.14843
0.001176411155,2.14843
0.001176824285,2.14843
0.00120243837,2.14843
0.001226722501,2.14843
0.001226724501,2.26562
0.001226785963,2.26562
0.001227222097,2.26562
0.001227665154,2.26562
0.001255134679,2.26562
0.001277503751,2.26562
0.001277505751,2.34375
0.001277572899,2.34375
0.001277950981,2.34375
0.001278341259,2.34375
0.001327516315,2.34375
0.001328285001,2.34375
0.001328287001,2.42187
0.001328355537,2.42187
0.001328790982,2.42187
0.001329240474,2.42187
0.001346225409,2.42187
0.001354304778,2.42187
0.001378330701,2.42187
0.001379066251,2.42187
0.001379068251,2.53906
0.001379130064,2.53906
0.001379610381,2.53906
0.001380098322,2.53906
0.001410350677,2.53906
0.001429847501,2.53906
0.001429849501,2.61718
0.001429917375,2.61718
0.001430325453,2.61718
0.001430746695,2.61718
0.001456863709,2.61718
0.001480628751,2.61718
0.001480630751,2.73437
0.001480692252,2.73437
0.001481133197,2.73437
0.001481581141,2.73437
0.001509353696,2.73437
0.001531410001,2.73437
0.001531412001,2.8125
0.001531479131,2.8125
0.001531856475,2.8125
0.001532245991,2.8125
0.001581325015,2.8125
0.001582191251,2.8125
0.001582193251,2.89062
0.001582261665,2.89062
0.001582692078,2.89062
0.001583136376,2.89062
0.001610682809,2.89062
0.001632972501,2.89062
0.001632974501,3.00781
0.001633036214,3.00781
0.001633503926,3.00781
0.001633979061,3.00781
0.001663437466,3.00781
0.001683753751,3.00781
0.001683755751,3.08593
0.001683823297,3.08593
0.001684217823,3.08593
0.001684625076,3.08593
0.001709874756,3.08593
0.001734535001,3.08593
0.001734537001,3.16406
0.001734605771,3.16406
0.001735050879,3.16406
0.001735510346,3.16406
0.001763997292,3.16406
0.001785316251,3.16406
0.001785318251,3.28125
0.001785380095,3.28125
0.001785864252,3.28125
0.001786356094,3.28125
0.001816850324,3.28125
0.001836097501,3.28125
0.001836099501,3.35937
0.001836167279,3.35937
0.001836571396,3.35937
0.001836988548,3.35937
0.001862852013,3.35937
0.001886878751,3.35937
0.001886880751,3.4375
0.001886949692,3.4375
0.001887401892,3.4375
0.001887868679,3.4375
0.001916809472,3.4375
0.001937660001,3.4375
0.001937662001,3.55468
0.001937723894,3.55468
0.001938214229,3.55468
0.001938712347,3.55468
0.001969595686,3.55468
0.001988441251,3.55468
0.001988443251,3.63281
0.001988511078,3.63281
0.001988917236,3.63281
0.001989336495,3.63281
0.002015330564,3.63281
0.002039222501,3.63281
0.002039224501,3.71093
0.002039293431,3.71093
0.002039745165,3.71093
0.002040211471,3.71093
0.002069122446,3.71093
0.002090003751,3.71093
0.002090005751,3.82812
0.002090067612,3.82812
0.002090553925,3.82812
0.002091047958,3.82812
0.002121678007,3.82812
0.002140785001,3.82812
0.002140787001,3.90625
0.002140854696,3.90625
0.002141255399,3.90625
0.002141669028,3.90625
0.002167313994,3.90625
0.002191566251,3.90625
0.002191568251,3.98437
0.002191636988,3.98437
0.002192080757,3.98437
0.002192538842,3.98437
0.002220940066,3.98437
0.002242347501,3.98437
0.002242349501,4.10156
0.002242411249,4.10156
0.002242883426,4.10156
0.002243363098,4.10156
0.002273102741,4.10156
0.002293128751,4.10156
0.002293130751,4.17968
0.002293198135,4.17968
0.002293585953,4.17968
0.002293986281,4.17968
0.002318806639,4.17968
0.002343910001,4.17968
0.002343912001,4.25781
0.002343980366,4.25781
0.002344408741,4.25781
0.002344850934,4.25781
0.002372266911,4.25781
0.002394691251,4.25781
0.002394693251,4.37499
0.002394754808,4.37499
0.002395202831,4.37499
0.002395657966,4.37499
0.002423876324,4.37499
0.002445472501,4.37499
0.002445474501,4.45312
0.002445541395,4.45312
0.002445908976,4.45312
0.002446288414,4.45312
0.002494097615,4.45312
0.002496253751,4.45312
0.002496255751,4.53124
0.002496323566,4.53124
0.002496729196,4.53124
0.002497147912,4.53124
0.002523108282,4.53124
0.002547035001,4.53124
0.002547037001,4.60937
0.002547105719,4.60937
0.002547548688,4.60937
0.002548005946,4.60937
0.002576355936,4.60937
0.002597816251,4.60937
0.002597818251,4.72656
0.002597879929,4.72656
0.002598343278,4.72656
0.002598813982,4.72656
0.002627997621,4.72656
0.002648597501,4.72656
0.002648599501,4.80468
0.00264866659,4.80468
0.002649042219,4.80468
0.002649429965,4.80468
0.002698285958,4.80468
0.002699378751,4.80468
0.002699380751,4.88281
0.002699448683,4.88281
0.002699859146,4.88281
0.002700282851,4.88281
0.002725606211,4.88281
0.002726101008,4.88281
0.0027269762,4.88281
0.002728576855,4.88281
0.00273790099,4.88281
0.002739550533,4.88281
0.002739757138,4.88281
0.002745718648,4.88281
0.002748207386,4.88281
0.002750160001,4.88281
0.002750162001,4.96093
0.002750319202,4.96093
0.002750626402,4.96093
0.002751036002,4.96093
0.002776431202,4.96093
0.002800941251,4.96093
0.002800943251,0.0390625
0.002800954699,0.0390625
0.002801045263,0.0390625
0.002801373878,0.0390625
0.002801749437,0.0390625
0.002849069968,0.0390625
0.002851722501,0.0390625
0.002851724501,0.15625
0.002851786071,0.15625
0.002852235813,0.15625
0.002852692694,0.15625
0.002881019283,0.15625
0.002902503751,0.15625
0.002902505751,0.234375
0.002902573607,0.234375
0.002902980965,0.234375
0.002903401464,0.234375
0.002929472362,0.234375
0.002953285001,0.234375
0.002953287001,0.351562
0.002953348728,0.351562
0.002953818206,0.351562
0.002954295135,0.351562
0.002983864777,0.351562
0.003004066251,0.351562
0.003004068251,0.429687
0.003004136416,0.429687
0.003004556522,0.429687
0.003004990181,0.429687
0.003031876995,0.429687
0.003054847501,0.429687
0.003054849501,0.546874
0.003054911346,0.546874
0.00305539564,0.546874
0.003055887622,0.546874
0.003086390505,0.546874
0.003105628751,0.546874
0.003105630751,0.624999
0.003105699137,0.624999
0.003106128366,0.624999
0.003106571442,0.624999
0.003134042154,0.624999
0.003156410001,0.624999
0.003156412001,0.742187
0.003156473924,0.742187
0.003156968131,0.742187
0.003157470182,0.742187
0.003188597366,0.742187
0.003207191251,0.742187
0.003207193251,0.820312
0.00320726177,0.820312
0.003207696509,0.820312
0.003208145273,0.820312
0.003235968603,0.820312
0.003257972501,0.820312
0.003257974501,0.937499
0.003258036464,0.937499
0.003258535695,0.937499
0.003259042851,0.937499
0.003290486497,0.937499
0.003308753751,0.937499
0.003308755751,1.01562
0.003308824316,1.01562
0.003309260966,1.01562
0.003309711701,1.01562
0.003337657285,1.01562
0.003359535001,1.01562
0.003359537001,1.13281
0.003359598965,1.13281
0.003360098355,1.13281
0.003360605671,1.13281
0.003392059272,1.13281
0.003410316251,1.13281
0.003410318251,1.21094
0.003410386776,1.21094
0.003410821753,1.21094
0.003411270762,1.21094
0.003439109313,1.21094
0.003461097501,1.21094
0.003461099501,1.32812
0.003461161428,1.32812
0.003461656134,1.32812
0.003462158692,1.32812
0.00349331729,1.32812
0.003511878751,1.32812
0.003511880751,1.40625
0.003511949149,1.40625
0.003512378891,1.40625
0.003512822495,1.40625
0.003540325974,1.40625
0.003562660001,1.40625
0.003562662001,1.52344
0.003562723853,1.52344
0.003563209061,1.52344
0.003563701971,1.52344
0.003594262377,1.52344
0.003613441251,1.52344
0.003613443251,1.60156
0.003613511437,1.60156
0.003613932402,1.60156
0.003614366947,1.60156
0.003641308718,1.60156
0.003664222501,1.60156
0.003664224501,1.71875
0.00366428624,1.71875
0.003664757168,1.71875
0.003665235571,1.71875
0.00369489658,1.71875
0.003715003751,1.71875
0.003715005751,1.79687
0.003715073639,1.79687
0.003715482311,1.79687
0.003715904166,1.79687
0.003742059163,1.79687
0.003765785001,1.79687
0.003765787001,1.91406
0.003765848589,1.91406
0.00376630049,1.91406
0.003766759564,1.91406
0.003795222165,1.91406
0.003816566251,1.91406
0.003816568251,1.99219
0.003816635757,1.99219
0.003817028646,1.99219
0.003817434209,1.99219
0.003842579094,1.99219
0.003867347501,1.99219
0.003867349501,2.10937
0.0038674109,2.10937
0.003867839065,2.10937
0.003868274026,2.10937
0.003895241623,2.10937
0.003918128751,2.10937
0.003918130751,2.1875
0.003918197792,2.1875
0.003918571438,2.1875
0.003918957136,2.1875
0.003967555186,2.1875
0.003968910001,2.1875
0.003968912001,2.26562
0.003968980464,2.26562
0.003969412898,2.26562
0.00396985928,2.26562
0.003997535022,2.26562
0.004019691251,2.26562
0.004019693251,2.38281
0.004019755047,2.38281
0.004020233234,2.38281
0.004020719012,2.38281
0.00406857319,2.38281
0.00407027725,2.38281
0.004070472501,2.38281
0.004070474501,2.46093
0.004070542372,2.46093
0.004070950312,2.46093
0.004071664041,2.46093
0.004071861199,2.46093
0.004105246621,2.46093
0.004121253751,2.46093
0.004121255751,2.57812
0.004121317265,2.57812
0.004121759958,2.57812
0.004122209678,2.57812
0.004150092313,2.57812
0.004172035001,2.57812
0.004172037001,2.65625
0.004172104197,2.65625
0.004172484251,2.65625
0.004172876566,2.65625
0.004222308159,2.65625
0.004222816251,2.65625
0.004222818251,2.73437
0.004222886766,2.73437
0.004223321324,2.73437
0.0042237699,2.73437
0.004251581615,2.73437
0.004273597501,2.73437
0.004273599501,2.85156
0.004273661274,2.85156
0.004274136518,2.85156
0.004274619306,2.85156
0.004304552148,2.85156
0.004324378751,2.85156
0.004324380751,2.92968
0.004324448466,2.92968
0.004324849957,2.92968
0.0043252644,2.92968
0.004350959873,2.92968
0.004375160001,2.92968
0.004375162001,3.00781
0.004375230974,3.00781
0.004375684488,3.00781
0.004376152631,3.00781
0.004405177508,3.00781
0.004425941251,3.00781
0.004425943251,3.125
0.0044260052,3.125
0.004426502641,3.125
0.004427007978,3.125
0.004458338886,3.125
0.004476722501,3.125
0.004476724501,3.20312
0.00447679255,3.20312
0.00447720786,3.20312
0.004477636567,3.20312
0.004504216407,3.20312
0.004527503751,3.20312
0.004527505751,3.32031
0.004527567271,3.32031
0.004528010726,3.32031
0.00452846122,3.32031
0.004556391846,3.32031
0.004578285001,3.32031
0.004578287001,3.39843
0.004578354047,3.39843
0.00457872789,3.39843
0.004579113793,3.39843
0.004627737561,3.39843
0.004629066251,3.39843
0.004629068251,3.47656
0.004629136451,3.47656
0.004629557996,3.47656
0.004629993139,3.47656
0.004656972028,3.47656
0.004679847501,3.47656
0.004679849501,3.59375
0.004679911061,3.59375
0.004680359546,3.59375
0.004680815149,3.59375
0.004709062533,3.59375
0.004730628751,3.59375
0.004730630751,3.67187
0.004730697826,3.67187
0.004731072871,3.67187
0.004731460014,3.67187
0.004780240078,3.67187
0.004781410001,3.67187
0.004781412001,3.75
0.004781480169,3.75
0.004781900414,3.75
0.004782334216,3.75
0.004809229901,3.75
0.004832191251,3.75
0.004832193251,3.86718
0.004832254771,3.86718
0.004832698115,3.86718
0.004833148497,3.86718
0.004861072166,3.86718
0.004882972501,3.86718
0.004882974501,3.94531
0.004883041424,3.94531
0.004883410198,3.94531
0.004883790869,3.94531
0.004931755347,3.94531
0.004933753751,3.94531
0.004933755751,4.02343
0.004933823707,4.02343
0.004934235176,4.02343
0.004934659919,4.02343
0.00496099395,4.02343
0.004984535001,4.02343
0.004984537001,4.10156
0.004984605973,4.10156
0.004985059438,4.10156
0.004985527531,4.10156
0.005014549303,4.10156
0.005035316251,4.10156
0.005035318251,4.21874
0.005035380092,4.21874
0.005035863895,4.21874
0.005036355377,4.21874
0.005066827278,4.21874
0.005086097501,4.21874
0.005086099501,4.29687
0.005086167065,4.29687
0.005086562354,4.29687
0.005086970393,4.29687
0.005112268839,4.29687
0.005136878751,4.29687
0.005136880751,4.37499
0.005136949271,4.37499
0.005137384044,4.37499
0.005137832842,4.37499
0.005165658313,4.37499
0.005187660001,4.37499
0.005187662001,4.49218
0.005187723615,4.49218
0.005188178816,4.49218
0.005188641243,4.49218
0.005217311695,4.49218
0.005238441251,4.49218
0.005238443251,4.57031
0.005238510247,4.57031
0.00523888203,4.57031
0.005239265807,4.57031
0.005287621671,4.57031
0.005289222501,4.57031
0.005289224501,4.64843
0.005289292391,4.64843
0.005289701154,4.64843
0.005290123102,4.64843
0.005316283901,4.64843
0.005340003751,4.64843
0.005340005751,4.72656
0.005340074519,4.72656
0.005340519545,4.72656
0.005340978926,4.72656
0.005369460575,4.72656
0.005390785001,4.72656
0.005390787001,4.84374
0.00539084869,4.84374
0.00539131336,4.84374
0.005391785407,4.84374
0.00542105227,4.84374
0.005441566251,4.84374
0.005441568251,4.92187
0.005441635337,4.92187
0.005442010867,4.92187
0.005442398511,4.92187
0.005451131672,4.92187
0.005451326321,4.92187
0.005451420289,4.92187
0.005452327763,4.92187
0.005459888897,4.92187
0.005464074733,4.92187
0.005464746512,4.92187
0.005470469609,4.92187
0.005482635677,4.92187
0.005492347501,4.92187
0.005492349501,4.96093
0.005492506702,4.96093
0.005492813902,4.96093
0.005493223502,4.96093
0.005518618702,4.96093
0.005543128751,4.96093
0.005543130751,0.0781249
0.0055431418,0.0781249
0.005543229385,0.0781249
0.005543532779,0.0781249
0.005544572986,0.0781249
0.00558756821,0.0781249
0.005593910001,0.0781249
0.005593912001,0.195312
0.005593973355,0.195312
0.00559439583,0.195312
0.005594825012,0.195312
0.005621434262,0.195312
0.005644691251,0.195312
0.005644693251,0.273437
0.005644760613,0.273437
0.005645147533,0.273437
0.005645546934,0.273437
0.005670309802,0.273437
0.005695472501,0.273437
0.005695474501,0.390625
0.005695536005,0.390625
0.005695977362,0.390625
0.005696425726,0.390625
0.005724224249,0.390625
0.005746253751,0.390625
0.005746255751,0.468749
0.005746323406,0.468749
0.005746722448,0.468749
0.005747134363,0.468749
0.005772673053,0.468749
0.005797035001,0.468749
0.005797037001,0.585937
0.005797098616,0.585937
0.005797553947,0.585937
0.005798016505,0.585937
0.005826695124,0.585937
0.005847816251,0.585937
0.005847818251,0.664062
0.005847886112,0.664062
0.005848293659,0.664062
0.005848714352,0.664062
0.005874797332,0.664062
0.005898597501,0.664062
0.005898599501,0.781249
0.005898661188,0.781249
0.005899125597,0.781249
0.005899597379,0.781249
0.005928847819,0.781249
0.005949378751,0.781249
0.005949380751,0.859374
0.005949448731,0.859374
0.005949861176,0.859374
0.005950286926,0.859374
0.005976683429,0.859374
0.006000160001,0.859374
0.006000162001,0.976561
0.006000223721,0.976561
0.006000692333,0.976561
0.006001168383,0.976561
0.006030683502,0.976561
0.006050941251,0.976561
0.006050943251,1.05469
0.006051011262,1.05469
0.006051425015,1.05469
0.006051852115,1.05469
0.00607833231,1.05469
0.006101722501,1.05469
0.006101724501,1.17187
0.006101786216,1.17187
0.006102254175,1.17187
0.006102729563,1.17187
0.006132203583,1.17187
0.006152503751,1.17187
0.006152505751,1.25
0.006152573707,1.25
0.006152985194,1.25
0.006153409955,1.25
0.006179745115,1.25
0.006203285001,1.25
0.006203287001,1.36719
0.006203348672,1.36719
0.00620381115,1.36719
0.006204280968,1.36719
0.006233409695,1.36719
0.006254066251,1.36719
0.006254068251,1.44531
0.006254136067,1.44531
0.006254541733,1.44531
0.006254960486,1.44531
0.006280923159,1.44531
0.006304847501,1.44531
0.006304849501,1.5625
0.006304911091,1.5625
0.006305363285,1.5625
0.006305822657,1.5625
0.006334303702,1.5625
0.006355628751,1.5625
0.006355630751,1.64062
0.00635569834,1.64062
0.006356094655,1.64062
0.006356503755,1.64062
0.00638186792,1.64062
0.006406410001,1.64062
0.006406412001,1.75781
0.006406473471,1.75781
0.006406910613,1.75781
0.006407354694,1.75781
0.006434887689,1.75781
0.006457191251,1.75781
0.006457193251,1.83594
0.006457260529,1.83594
0.006457643986,1.83594
0.006458039812,1.83594
0.006482581046,1.83594
0.006507972501,1.83594
0.006507974501,1.91406
0.006508261768,1.91406
0.006508549176,1.91406
0.006509123991,1.91406
0.006544762529,1.91406
0.006558753751,1.91406
0.006558755751,2.03125
0.006558817722,2.03125
0.006559317894,2.03125
0.006559826005,2.03125
0.006591328896,2.03125
0.006609535001,2.03125
0.006609537001,2.10937
0.006609605341,2.10937
0.006610032668,2.10937
0.006610473779,2.10937
0.006637822713,2.10937
0.006660316251,2.10937
0.006660318251,2.22656
0.006660380008,2.22656
0.006660853236,2.22656
0.006661333975,2.22656
0.006691139832,2.22656
0.006711097501,2.22656
0.006711099501,2.30468
0.006711167318,2.30468
0.006711573039,2.30468
0.006711991849,2.30468
0.006737958027,2.30468
0.006761878751,2.30468
0.006761880751,2.42187
0.006761942257,2.42187
0.006762383887,2.42187
0.006762832528,2.42187
0.006796488955,2.42187
0.006797779951,2.42187
0.006804929884,2.42187
0.006812660001,2.42187
0.006812662001,2.5
0.006812729212,2.5
0.006813109911,2.5
0.00681350289,2.5
0.006863018277,2.5
0.006863441251,2.5
0.006863443251,2.57812
0.006863511816,2.57812
0.00686394845,2.57812
0.00686439917,2.57812
0.006892343772,2.57812
0.006914222501,2.57812
0.006914224501,2.69531
0.006914286311,2.69531
0.006914766296,2.69531
0.0069152539,2.69531
0.006945485337,2.69531
0.006965003751,2.69531
0.006965005751,2.77343
0.006965073584,2.77343
0.00696547999,2.77343
0.006965899506,2.77343
0.006991909468,2.77343
0.007015785001,2.77343
0.007015787001,2.89062
0.007015848468,2.89062
0.007016285222,2.89062
0.007016728908,2.89062
0.007044237444,2.89062
0.007066566251,2.89062
0.007066568251,2.96875
0.007066635272,2.96875
0.007067008109,2.96875
0.007067392972,2.96875
0.007115885762,2.96875
0.007117347501,2.96875
0.007117349501,3.04687
0.007117417771,3.04687
0.007117842242,3.04687
0.007118280404,3.04687
0.007145446496,3.04687
0.007168128751,3.04687
0.007168130751,3.16406
0.007168192385,3.16406
0.007168650139,3.16406
0.007169115158,3.16406
0.007197946365,3.16406
0.007218910001,3.16406
0.007218912001,3.24218
0.007218979335,3.24218
0.007219365115,3.24218
0.007219763338,3.24218
0.007244453205,3.24218
0.007269691251,3.24218
0.007269693251,3.32031
0.007269761774,3.32031
0.007270196696,3.32031
0.007270645647,3.32031
0.007298480627,3.32031
0.007320472501,3.32031
0.007320474501,3.4375
0.00732053622,3.4375
0.007321004691,3.4375
0.007321480599,3.4375
0.007350986852,3.4375
0.007371253751,3.4375
0.007371255751,3.51562
0.007371323216,3.51562
0.007371714375,3.51562
0.007372118153,3.51562
0.00739715239,3.51562
0.007422035001,3.51562
0.007422037001,3.59375
0.007422105594,3.59375
0.007422543395,3.59375
0.007422995319,3.59375
0.007451014604,3.59375
0.007472816251,3.59375
0.007472818251,3.71093
0.007472879974,3.71093
0.007473348942,3.71093
0.007473825354,3.71093
0.007503362891,3.71093
0.007523597501,3.71093
0.007523599501,3.78906
0.007523666914,3.78906
0.007524055942,3.78906
0.007524457519,3.78906
0.007549355294,3.78906
0.007574378751,3.78906
0.007574380751,3.86718
0.007574449232,3.86718
0.007574882394,3.86718
0.00757532953,3.86718
0.00760305194,3.86718
0.007625160001,3.86718
0.007625162001,3.98437
0.007625223647,3.98437
0.007625682968,3.98437
0.00762614958,3.98437
0.007655079491,3.98437
0.007675941251,3.98437
0.007675943251,4.0625
0.007676010432,4.0625
0.007676389875,4.0625
0.007676781558,4.0625
0.007726133647,4.0625
0.007726722501,4.0625
0.007726724501,4.14062
0.007726792689,4.14062
0.007727213759,4.14062
0.007727648412,4.14062
0.007754596888,4.14062
0.007777503751,4.14062
0.007777505751,4.21874
0.007777574929,4.21874
0.007778036923,4.21874
0.007778513819,4.21874
0.007808081395,4.21874
0.007828285001,4.21874
0.007828287001,4.33593
0.007828348921,4.33593
0.007828842773,4.33593
0.007829344464,4.33593
0.007860449292,4.33593
0.007879066251,4.33593
0.007879068251,4.41406
0.007879135968,4.41406
0.007879537567,4.41406
0.00787995212,4.41406
0.007905654437,4.41406
0.007929847501,4.41406
0.007929849501,4.49218
0.007929918147,4.49218
0.007930358158,4.49218
0.007930812362,4.49218
0.007958973036,4.49218
0.007980628751,4.49218
0.007980630751,4.60937
0.007980692409,4.60937
0.007981153222,4.60937
0.007981621349,4.60937
0.008010645222,4.60937
0.008031410001,4.60937
0.008031412001,4.68749
0.008031479071,4.68749
0.008031853906,4.68749
0.008032240833,4.68749
0.00808099363,4.68749
0.008082191251,4.68749
0.008082193251,4.76562
0.008082261189,4.76562
0.008082671932,4.76562
0.008083095924,4.76562
0.008109383437,4.76562
0.008132972501,4.76562
0.008132974501,4.84374
0.008133043291,4.84374
0.008133489222,4.84374
0.008133949537,4.84374
0.008176327904,4.84374
0.008176587531,4.84374
0.008177538469,4.84374
0.008180168099,4.84374
0.008182230885,4.84374
0.008183753751,4.84374
0.008183755751,4.96093
0.008183912952,4.96093
0.008184220152,4.96093
0.008184629752,4.96093
0.00818886601,4.96093
0.008190537179,4.96093
0.008194278528,4.96093
0.008222779484,4.96093
0.008234535001,4.96093
0.008234537001,0.507812
0.008234551469,0.507812
0.008234633907,0.507812
0.00823525638,0.507812
0.008235920352,0.507812
0.00827708662,0.507812
0.008285316251,0.507812
0.008285318251,0.117187
0.008285376252,0.117187
0.008285922605,0.117187
0.008286473259,0.117187
0.008320613846,0.117187
0.008336097501,0.117187
0.008336099501,0.195312
0.00833616784,0.195312
0.008336595125,0.195312
0.008337036194,0.195312
0.008364382477,0.195312
0.008386878751,0.195312
0.008386880751,0.3125
0.008386942696,0.3125
0.008387439605,0.3125
0.008387944401,0.3125
0.008419241787,0.3125
0.008437660001,0.3125
0.008437662001,0.390625
0.008437730663,0.390625
0.008438171328,0.390625
0.008438626208,0.390625
0.008466828747,0.390625
0.008488441251,0.390625
0.008488443251,0.507812
0.00848850532,0.507812
0.008489017895,0.507812
0.008489538607,0.507812
0.008521822717,0.507812
0.008539222501,0.507812
0.008539224501,0.624999
0.008539285867,0.624999
0.00853970987,0.624999
0.008540140603,0.624999
0.008566846068,0.624999
0.008590003751,0.624999
0.008590005751,0.703124
0.008590073045,0.703124
0.008590457169,0.703124
0.008590853684,0.703124
0.008615437601,0.703124
0.008640785001,0.703124
0.008640787001,0.820312
0.008640848433,0.820312
0.008641280695,0.820312
0.008641719819,0.820312
0.008668945482,0.820312
0.008691566251,0.820312
0.008691568251,0.898436
0.008691635649,0.898436
0.008692024071,0.898436
0.008692425023,0.898436
0.008717284026,0.898436
0.008742347501,0.898436
0.008742349501,1.01562
0.00874241096,1.01562
0.008742846616,1.01562
0.008743289188,1.01562
0.008770728648,1.01562
0.008793128751,1.01562
0.008793130751,1.09375
0.008793198167,1.09375
0.008793587305,1.09375
0.008793988995,1.09375
0.00881889382,1.09375
0.008843910001,1.09375
0.008843912001,1.21094
0.008843973448,1.21094
0.008844407657,1.21094
0.008844848757,1.21094
0.008872197006,1.21094
0.008894691251,1.21094
0.008894693251,1.28906
0.008894760598,1.28906
0.008895146887,1.28906
0.008895545637,1.28906
0.008920268149,1.28906
0.008945472501,1.28906
0.008945474501,1.40625
0.008945535898,1.40625
0.008945963842,1.40625
0.008946398578,1.40625
0.008973352228,1.40625
0.008996253751,1.40625
0.008996255751,1.48437
0.008996322943,1.48437
0.008996702839,1.48437
0.00899709499,1.48437
0.009046506017,1.48437
0.009047035001,1.48437
0.009047037001,1.5625
0.009047105771,1.5625
0.009047550908,1.5625
0.009048010404,1.5625
0.009076499149,1.5625
0.009097816251,1.5625
0.009097818251,1.67969
0.009097880253,1.67969
0.009098384322,1.67969
0.009098896393,1.67969
0.009130644789,1.67969
0.009148597501,1.67969
0.009148599501,1.75781
0.009148667988,1.75781
0.009149101401,1.75781
0.009149548796,1.75781
0.009177287266,1.75781
0.009199378751,1.75781
0.009199380751,1.875
0.009199442608,1.875
0.009199928416,1.875
0.009200421936,1.875
0.009231020165,1.875
0.009250160001,1.875
0.009250162001,1.95312
0.00925023012,1.95312
0.00925064831,1.95312
0.009251079991,1.95312
0.00927784419,1.95312
0.009300941251,1.95312
0.009300943251,2.07031
0.009301004925,2.07031
0.009301467749,2.07031
0.00930193792,2.07031
0.009331088484,2.07031
0.009351722501,2.07031
0.009351724501,2.14843
0.009351792167,2.14843
0.009352191664,2.14843
0.009352604048,2.14843
0.009378171836,2.14843
0.009402503751,2.14843
0.009402505751,2.26562
0.009402567206,2.26562
0.009403002363,2.26562
0.009403444427,2.26562
0.009430852419,2.26562
0.009453285001,2.26562
0.009453287001,2.34375
0.009453354132,2.34375
0.009453731495,2.34375
0.009454121032,2.34375
0.00950320263,2.34375
0.009504066251,2.34375
0.009504068251,2.42187
0.00950413677,2.42187
0.009504571495,2.42187
0.009505020245,2.42187
0.009522020234,2.42187
0.009526367008,2.42187
0.009538841175,2.42187
0.009554847501,2.42187
0.009554849501,2.53906
0.009554911306,2.53906
0.009555390652,2.53906
0.009555877606,2.53906
0.009586068759,2.53906
0.009605628751,2.53906
0.009605630751,2.61718
0.009605698608,2.61718
0.009606105971,2.61718
0.009606526476,2.61718
0.009632597759,2.61718
0.009656410001,2.61718
0.009656412001,2.73437
0.009656473494,2.73437
0.009656913474,2.73437
0.009657360439,2.73437
0.009685072229,2.73437
0.009707191251,2.73437
0.009707193251,2.8125
0.009707260364,2.8125
0.009707636998,2.8125
0.009708025782,2.8125
0.009757012542,2.8125
0.009757972501,2.8125
0.009757974501,2.89062
0.009758042898,2.89062
0.009758472601,2.89062
0.009758916165,2.89062
0.009786417145,2.89062
0.009808753751,2.89062
0.009808755751,3.00781
0.009808817456,3.00781
0.009809284209,3.00781
0.009809758371,3.00781
0.009839156393,3.00781
0.009859535001,3.00781
0.009859537001,3.08593
0.00985960453,3.08593
0.009859998351,3.08593
0.009860404877,3.08593
0.009885609451,3.08593
0.009910316251,3.08593
0.009910318251,3.16406
0.009910387004,3.16406
0.009910831407,3.16406
0.009911290145,3.16406
0.009939731941,3.16406
0.009961097501,3.16406
0.009961099501,3.28125
0.009961161337,3.28125
0.009961644542,3.28125
0.009962135417,3.28125
0.009992569676,3.28125
0.01001187875,3.28125
0.01001188075,3.35937
0.01001194851,3.35937
0.01001235193,3.35937
0.01001276836,3.35937
0.01003858703,3.35937
0.01006266,3.35937
0.010062662,3.4375
0.01006273093,3.4375
0.01006318242,3.4375
0.01006364849,3.4375
0.01009254445,3.4375
0.01011344125,3.4375
0.01011344325,3.55468
0.01011350514,3.55468
0.01011399453,3.55468
0.01011449168,3.55468
0.01014531549,3.55468
0.0101642225,3.55468
0.0101642245,3.63281
0.01016429231,3.63281
0.01016469777,3.63281
0.01016511632,3.63281
0.01019106593,3.63281
0.01021500375,3.63281
0.01021500575,3.71093
0.01021507466,3.71093
0.0102155257,3.71093
0.01021599129,3.71093
0.01024485779,3.71093
0.010265785,3.71093
0.010265787,3.82812
0.01026584885,3.82812
0.01026633423,3.82812
0.01026682731,3.82812
0.0102973983,3.82812
0.01031656625,3.82812
0.01031656825,3.90625
0.01031663593,3.90625
0.01031703594,3.90625
0.01031744886,3.90625
0.01034304973,3.90625
0.0103673475,3.90625
0.0103673495,3.98437
0.01036741822,3.98437
0.0103678613,3.98437
0.01036831867,3.98437
0.01039667578,3.98437
0.01041812875,3.98437
0.01041813075,4.10156
0.01041819249,4.10156
0.01041866374,4.10156
0.01041914247,4.10156
0.01044882354,4.10156
0.01046891,4.10156
0.010468912,4.17968
0.01046897937,4.17968
0.0104693665,4.17968
0.01046976613,4.17968
0.01049454277,4.17968
0.01051969125,4.17968
0.01051969325,4.25781
0.0105197616,4.25781
0.01052018929,4.25781
0.01052063078,4.25781
0.01054800302,4.25781
0.0105704725,4.25781
0.0105704745,4.37499
0.01057053605,4.37499
0.01057098315,4.37499
0.01057143735,4.37499
0.01059959766,4.37499
0.01062125375,4.37499
0.01062125575,4.45312
0.01062132263,4.45312
0.01062168953,4.45312
0.01062206827,4.45312
0.01066978943,4.45312
0.010672035,4.45312
0.010672037,4.53124
0.0106721048,4.53124
0.01067250975,4.53124
0.01067292777,4.53124
0.01069884481,4.53124
0.01072281625,4.53124
0.01072281825,4.60937
0.01072288695,4.60937
0.01072332924,4.60937
0.0107237858,4.60937
0.01075209247,4.60937
0.0107735975,4.60937
0.0107735995,4.72656
0.01077366117,4.72656
0.01077412361,4.72656
0.01077459338,4.72656
0.01080371952,4.72656
0.01082437875,4.72656
0.01082438075,4.80468
0.01082444782,4.80468
0.01082482278,4.80468
0.01082520984,4.80468
0.01087397864,4.80468
0.01087516,4.80468
0.010875162,4.88281
0.01087522992,4.88281
0.01087563971,4.88281
0.01087606272,4.88281
0.01090134475,4.88281
0.01090197544,4.88281
0.01090267281,4.88281
0.01090348773,4.88281
0.01091372231,4.88281
0.01091500477,4.88281
0.01091579156,4.88281
0.01092273838,4.88281
0.01092381002,4.88281
0.01092594125,4.88281
0.01092594325,4.96093
0.01092610045,4.96093
0.01092640765,4.96093
0.01092681725,4.96093
0.01095221245,4.96093
0.0109767225,4.96093
0.0109767245,0.0390625
0.010976736,0.0390625
0.01097682678,0.0390625
0.01097715735,0.0390625
0.01097753515,0.0390625
0.01102513787,0.0390625
0.01102750375,0.0390625
0.01102750575,0.15625
0.01102756729,0.15625
0.01102801328,0.15625
0.01102846634,0.15625
0.01105655625,0.15625
0.011078285,0.15625
0.011078287,0.234375
0.01107835479,0.234375
0.01107875938,0.234375
0.01107917702,0.234375
0.0111050708,0.234375
0.01112906625,0.234375
0.01112906825,0.351562
0.01112912995,0.351562
0.01112959568,0.351562
0.01113006881,0.351562
0.01115940274,0.351562
0.0111798475,0.351562
0.0111798495,0.429687
0.0111799176,0.429687
0.01118033495,0.429687
0.01118076576,0.429687
0.0112074762,0.429687
0.01123062875,0.429687
0.01123063075,0.546874
0.01123069257,0.546874
0.01123117313,0.546874
0.01123166133,0.546874
0.01126192953,0.546874
0.01128141,0.546874
0.011281412,0.624999
0.01128148032,0.624999
0.01128190681,0.624999
0.01128234705,0.624999
0.01130964218,0.624999
0.01133219125,0.624999
0.01133219325,0.742187
0.01133225514,0.742187
0.01133274564,0.742187
0.01133324393,0.742187
0.01136413751,0.742187
0.0113829725,0.742187
0.0113829745,0.820312
0.01138304295,0.820312
0.01138347496,0.820312
0.01138392091,0.820312
0.01141156948,0.820312
0.01143375375,0.820312
0.01143375575,0.937499
0.01143381768,0.937499
0.01143431323,0.937499
0.01143481663,0.937499
0.01146602781,0.937499
0.011484535,0.937499
0.011484537,1.01562
0.0114846055,1.01562
0.01148503943,1.01562
0.01148548736,1.01562
0.01151325906,1.01562
0.01153531625,1.01562
0.01153531825,1.13281
0.01153538019,1.13281
0.0115358759,1.13281
0.01153637949,1.13281
0.01156760181,1.13281
0.0115860975,1.13281
0.0115860995,1.21094
0.01158616796,1.21094
0.01158660023,1.21094
0.01158704645,1.21094
0.01161471203,1.21094
0.01163687875,1.21094
0.01163688075,1.32812
0.01163694265,1.32812
0.0116374337,1.32812
0.01163793255,1.32812
0.01166886111,1.32812
0.01168766,1.32812
0.011687662,1.40625
0.01168773033,1.40625
0.01168815739,1.40625
0.01168859822,1.40625
0.01171592967,1.40625
0.01173844125,1.40625
0.01173844325,1.52344
0.01173850507,1.52344
0.01173898665,1.52344
0.01173947587,1.52344
0.01176980752,1.52344
0.0117892225,1.52344
0.0117892245,1.60156
0.01178929262,1.60156
0.01178971091,1.60156
0.0117901427,1.60156
0.01181691343,1.60156
0.01184000375,1.60156
0.01184000575,1.71875
0.01184006746,1.71875
0.01184053478,1.71875
0.01184100951,1.71875
0.0118704431,1.71875
0.011890785,1.71875
0.011890787,1.79687
0.01189085482,1.79687
0.01189126084,1.79687
0.01189167995,1.79687
0.01191766493,1.79687
0.01194156625,1.79687
0.01194156825,1.91406
0.01194162981,1.91406
0.01194207812,1.91406
0.01194253355,1.91406
0.01197077012,1.91406
0.0119923475,1.91406
0.0119923495,1.99219
0.01199241694,1.99219
0.01199280719,1.99219
0.01199321003,1.99219
0.01201818595,1.99219
0.01204312875,1.99219
0.01204313075,2.07031
0.01204319966,2.07031
0.01204365051,2.07031
0.01204411591,2.07031
0.0120729705,2.07031
0.01209391,2.07031
0.012093912,2.1875
0.01209397401,2.1875
0.0120944795,2.1875
0.01209499301,2.1875
0.01212683068,2.1875
0.01214469125,2.1875
0.01214469325,2.26562
0.01214476165,2.26562
0.01214519146,2.26562
0.01214563513,2.26562
0.01217314273,2.26562
0.0121954725,2.26562
0.0121954745,2.38281
0.01219553627,2.38281
0.01219601091,2.38281
0.01219649308,2.38281
0.01224471677,2.38281
0.01224625375,2.38281
0.01224625575,2.46093
0.01224632356,2.46093
0.01224672889,2.46093
0.01224776739,2.46093
0.01226608375,2.46093
0.01228441802,2.46093
0.012297035,2.46093
0.012297037,2.57812
0.01229709849,2.57812
0.01229753766,2.57812
0.0122979838,2.57812
0.01232564452,2.57812
0.01234781625,2.57812
0.01234781825,2.65625
0.01234788538,2.65625
0.01234826285,2.65625
0.01234865249,2.65625
0.01239774711,2.65625
0.0123985975,2.65625
0.0123985995,2.73437
0.01239866795,2.73437
0.01239909992,2.73437
0.01239954582,2.73437
0.01242719151,2.73437
0.01244937875,2.73437
0.01244938075,2.85156
0.0124494425,2.85156
0.01244991424,2.85156
0.01245039347,2.85156
0.01248010573,2.85156
0.01250016,2.85156
0.012500162,2.92968
0.01250022965,2.92968
0.01250062857,2.92968
0.01250104036,2.92968
0.01252657104,2.92968
0.01255094125,2.92968
0.01255094325,3.00781
0.01255101216,3.00781
0.0125514631,3.00781
0.01255192858,3.00781
0.01258078849,3.00781
0.0126017225,3.00781
0.0126017245,3.125
0.01260178642,3.125
0.01260228038,3.125
0.01260278219,3.125
0.01263389395,3.125
0.01265250375,3.125
0.01265250575,3.20312
0.01265257374,3.20312
0.01265298649,3.20312
0.01265341256,3.20312
0.01267982871,3.20312
0.012703285,3.20312
0.012703287,3.32031
0.01270334849,3.32031
0.0127037885,3.32031
0.01270423548,3.32031
0.01273194869,3.32031
0.01275406625,3.32031
0.01275406825,3.39843
0.01275413524,3.39843
0.01275450654,3.39843
0.01275488983,3.39843
0.01280318361,3.39843
0.0128048475,3.39843
0.0128048495,3.47656
0.01280491764,3.47656
0.01280533665,3.47656
0.01280576917,3.47656
0.01283258555,3.47656
0.01285562875,3.47656
0.01285563075,3.59375
0.01285569228,3.59375
0.01285613734,3.59375
0.01285658946,3.59375
0.01288462104,3.59375
0.01290641,3.59375
0.012906412,3.67187
0.01290647901,3.67187
0.01290685154,3.67187
0.01290723609,3.67187
0.01295568867,3.67187
0.01295719125,3.67187
0.01295719325,3.75
0.01295726136,3.75
0.01295767908,3.75
0.01295811028,3.75
0.01298484473,3.75
0.0130079725,3.75
0.0130079745,3.86718
0.01300803599,3.86718
0.01300847594,3.86718
0.01300892287,3.86718
0.01303663244,3.86718
0.01305875375,3.86718
0.01305875575,3.94531
0.01305882261,3.94531
0.01305918889,3.94531
0.01305956698,3.94531
0.01310720663,3.94531
0.013109535,3.94531
0.013109537,4.02343
0.0131096049,4.02343
0.01311001387,4.02343
0.01311043603,4.02343
0.01313661015,4.02343
0.01316031625,4.02343
0.01316031825,4.10156
0.01316038716,4.10156
0.01316083813,4.10156
0.01316130364,4.10156
0.01319016545,4.10156
0.0132110975,4.10156
0.0132110995,4.21874
0.01321116131,4.21874
0.01321164175,4.21874
0.0132121298,4.21874
0.01324238935,4.21874
0.01326187875,4.21874
0.01326188075,4.29687
0.01326194826,4.29687
0.01326234107,4.29687
0.01326274655,4.29687
0.01328788649,4.29687
0.01331266,4.29687
0.013312662,4.37499
0.01331273046,4.37499
0.01331316276,4.37499
0.013313609,4.37499
0.01334127593,4.37499
0.01336344125,4.37499
0.01336344325,4.49218
0.01336350484,4.49218
0.0133639567,4.49218
0.01336441573,4.49218
0.01339287577,4.49218
0.0134142225,4.49218
0.0134142245,4.57031
0.01341429144,4.57031
0.01341466077,4.57031
0.01341504201,4.57031
0.01346307876,4.57031
0.01346500375,4.57031
0.01346500575,4.64843
0.01346507358,4.64843
0.01346547989,4.64843
0.01346589931,4.64843
0.01349190307,4.64843
0.013515785,4.64843
0.013515787,4.72656
0.01351585571,4.72656
0.01351629828,4.72656
0.01351675513,4.72656
0.01354507975,4.72656
0.01356656625,4.72656
0.01356656825,4.84374
0.01356662991,4.84374
0.01356709128,4.84374
0.01356755996,4.84374
0.01359661845,4.84374
0.0136173475,4.84374
0.0136173495,4.92187
0.01361741653,4.92187
0.01361778963,4.92187
0.01361817477,4.92187
0.01362738192,4.92187
0.01362758114,4.92187
0.01362847902,4.92187
0.01363381438,4.92187
0.01363959139,4.92187
0.01364117075,4.92187
0.01364130714,4.92187
0.01364800532,4.92187
0.01366110446,4.92187
0.01366812875,4.92187
0.01366813075,4.96093
0.01366828795,4.96093
0.01366859515,4.96093
0.01366900475,4.96093
0.01369439995,4.96093
0.01371891,4.96093
0.013718912,0.0781249
0.01371892311,0.0781249
0.01371901092,0.0781249
0.01371931648,0.0781249
0.0137203641,0.0781249
0.01376366571,0.0781249
0.01376969125,0.0781249
0.01376969325,0.195312
0.01376975455,0.195312
0.01377017038,0.195312
0.01377059281,0.195312
0.01379678347,0.195312
0.0138204725,0.195312
0.0138204745,0.273437
0.01382054174,0.273437
0.01382092377,0.273437
0.01382131812,0.273437
0.01387100604,0.273437
0.01387125375,0.273437
0.01387125575,0.390625
0.0138713172,0.390625
0.01387175194,0.390625
0.01387219358,0.390625
0.01389957525,0.390625
0.013922035,0.390625
0.013922037,0.468749
0.01392210454,0.468749
0.01392249871,0.468749
0.01392290559,0.468749
0.01394813236,0.468749
0.01397281625,0.468749
0.01397281825,0.585937
0.01397287981,0.585937
0.01397332855,0.585937
0.01397378442,0.585937
0.01400204801,0.585937
0.0140235975,0.585937
0.0140235995,0.664062
0.01402366724,0.664062
0.01402406994,0.664062
0.01402448562,0.664062
0.01405025809,0.664062
0.01407437875,0.664062
0.01407438075,0.781249
0.01407444239,0.781249
0.01407490024,0.781249
0.01407536535,0.781249
0.01410420269,0.781249
0.01412516,0.781249
0.014125162,0.859374
0.01412522986,0.859374
0.01412563748,0.859374
0.01412605825,0.859374
0.01415214572,0.859374
0.01417594125,0.859374
0.01417594325,0.976561
0.01417600492,0.976561
0.014176467,0.976561
0.01417693642,0.976561
0.01420604046,0.976561
0.0142267225,0.976561
0.0142267245,1.05469
0.0142267924,1.05469
0.01422720134,1.05469
0.01422762349,1.05469
0.0142537962,1.05469
0.01427750375,1.05469
0.01427750575,1.17187
0.01427756741,1.17187
0.01427802888,1.17187
0.01427849767,1.17187
0.01430756273,1.17187
0.014328285,1.17187
0.014328287,1.25
0.01432835484,1.25
0.01432876155,1.25
0.01432918138,1.25
0.01435521068,1.25
0.01437906625,1.25
0.01437906825,1.36719
0.01437912987,1.36719
0.01437958589,1.36719
0.01438004915,1.36719
0.01440877112,1.36719
0.0144298475,1.36719
0.0144298495,1.44531
0.0144299172,1.44531
0.01443031812,1.44531
0.01443073196,1.44531
0.01445639047,1.44531
0.01448062875,1.44531
0.01448063075,1.5625
0.01448069229,1.5625
0.01448113806,1.5625
0.01448159091,1.5625
0.01450966749,1.5625
0.01453141,1.5625
0.014531412,1.64062
0.01453147948,1.64062
0.01453187107,1.64062
0.01453227529,1.64062
0.01455733704,1.64062
0.01458219125,1.64062
0.01458219325,1.75781
0.01458225467,1.75781
0.01458268543,1.75781
0.01458312302,1.75781
0.01461025394,1.75781
0.0146329725,1.75781
0.0146329745,1.83594
0.01463304167,1.83594
0.01463342043,1.83594
0.0146338114,1.83594
0.01468307463,1.83594
0.01468375375,1.83594
0.01468375575,1.91406
0.01468382442,1.91406
0.01468426519,1.91406
0.01468472019,1.91406
0.01471292989,1.91406
0.014734535,1.91406
0.014734537,2.03125
0.01473459892,2.03125
0.01473509274,2.03125
0.01473559439,2.03125
0.01476669699,2.03125
0.01478531625,2.03125
0.01478531825,2.10937
0.01478538648,2.10937
0.01478580913,2.10937
0.01478624542,2.10937
0.01481329514,2.10937
0.0148360975,2.10937
0.0148360995,2.22656
0.01483616121,2.22656
0.01483662812,2.22656
0.01483710245,2.22656
0.0148665106,2.22656
0.01488687875,2.22656
0.01488688075,2.30468
0.01488694846,2.30468
0.01488734953,2.30468
0.01488776355,2.30468
0.01491343249,2.30468
0.01493766,2.30468
0.014937662,2.42187
0.01493772346,2.42187
0.01493815882,2.42187
0.01493860108,2.42187
0.01497287804,2.42187
0.01497511343,2.42187
0.01498792363,2.42187
0.01498844125,2.42187
0.01498844325,2.5
0.01498851035,2.5
0.01498888644,2.5
0.01498927466,2.5
0.015,2.5
