Frequency (Hz),Channel 1 Magnitude (dB),Channel 2 Magnitude (dB),Channel 2 Phase (deg)
50.00000000000005,0.02611951126003381,-22.30544847182966,-39.49632481907558
50.23078951391981,0.02720125520555496,-22.25624063305802,-39.56411066214747
50.46264430383427,0.02962328145137531,-22.32507325598807,-39.51244921535533
50.69556928683402,0.03233839649750276,-22.23780830036623,-39.44568546387941
50.92956940270589,0.03222464888880659,-22.26323918692966,-40.29270536766791
51.16464961403776,0.02724027489770501,-22.29368941239785,-40.51265633890111
51.40081490632372,0.03392704341857932,-22.24969062855177,-40.48492542940642
51.63807028806993,0.02726661113215895,-22.33842812797241,-40.80883329950885
51.87642079090069,0.03250384032344829,-22.26132948144195,-41.0631354912959
52.11587146966526,0.03223833782399808,-22.34625509192296,-40.77967728238877
52.35642740254503,0.03061780336474695,-22.33351772286363,-40.88824906372952
52.5980936911612,0.02647290798120873,-22.3278438569569,-41.58256911707461
52.84087546068298,0.02704612557341681,-22.41058916964861,-42.10619362009145
53.08477785993629,0.0263059765294105,-22.36002001111394,-41.90574995217221
53.32980606151295,0.0279609509218332,-22.40997849180991,-42.01515918358784
53.57596526188038,0.0312117828624944,-22.35815153869463,-42.03572118264424
53.8232606814918,0.03262379284934638,-22.35640412129883,-42.27009187671122
54.07169756489697,0.02843384849770455,-22.43029260047347,-42.69836167397562
54.32128118085333,0.03037598234209317,-22.4087871810573,-42.54719132053219
54.57201682243788,0.0307882052400929,-22.37280462879142,-43.39100978234616
54.82390980715931,0.031155934689637,-22.4439695472001,-43.34979099416481
55.07696547707081,0.02755710772136035,-22.40733609651689,-43.80731466203852
55.33118919888337,0.03306182018542146,-22.39144459671568,-43.75656589838513
55.58658636407963,0.03246961100514125,-22.45998478632607,-43.88700278754219
55.84316238902812,0.03029675545595603,-22.49985815760785,-44.04511402855722
56.10092271509824,0.0293976125599157,-22.50769632853645,-44.40100189220358
56.35987280877558,0.02993319605515567,-22.51149927158941,-44.47766514576633
56.62001816177792,0.03118860925775902,-22.54115334029386,-44.60412314051209
56.88136429117161,0.03227963632120561,-22.48349348811683,-44.86290325688391
57.14391673948865,0.03202518607391495,-22.44211365265969,-45.30402288897857
57.4076810748442,0.0285438544507717,-22.53307054423159,-45.60562054064592
57.67266289105468,0.03156094053041328,-22.5463252856643,-45.65563577349047
57.93886780775637,0.02952966294398906,-22.545119960658,-45.6316486268008
58.20630147052464,0.03131294719321939,-22.54452793101841,-45.77316949688252
58.47496955099361,0.02900475798180493,-22.6089945881734,-46.43315312139987
58.74487774697654,0.03058796781752622,-22.5557275911369,-46.48490230951635
59.01603178258655,0.03228726390530391,-22.5821901180236,-46.61012060764952
59.28843740835807,0.03192232398387605,-22.59798315942007,-46.52273891374594
59.56210040136881,0.03104280901794894,-22.63162443208483,-47.1332589124132
59.83702656536224,0.02995870027207602,-22.62135927258757,-47.4715295804769
60.11322173087072,0.03085059151749381,-22.60662929587355,-47.15291975086475
60.39069175533908,0.03146078802855799,-22.65508863429741,-47.8153527332967
60.66944252324893,0.03150170171471327,-22.68386525852931,-48.07250244553097
60.9494799462434,0.02977599583703436,-22.66960321079562,-48.36641992127531
61.23080996325251,0.03025272568652622,-22.70849135798006,-48.56339057871175
61.51343854061915,0.03049739976548524,-22.6896573114567,-48.84477802922424
61.7973716722256,0.0302663825053893,-22.74714558283664,-49.05346058676579
62.08261537962063,0.030542825292071,-22.71674522036172,-49.38683355583044
62.36917571214723,0.03003721744779382,-22.76347874944825,-49.68268677743319
62.65705874707087,0.02982581466671362,-22.76026257311047,-49.83354425621954
62.94627058970843,0.03055035498269462,-22.786685103416,-50.41660000177914
63.23681737355764,0.03075918917356503,-22.77831674068707,-50.05819919519602
63.52870526042717,0.02996068711903398,-22.83171608362709,-50.49622897826875
63.82194044056727,0.03032402813797186,-22.84518979174844,-50.28918681975922
64.11652913280116,0.03025724073929204,-22.82178997754494,-51.13239735814415
64.41247758465678,0.03074909484700939,-22.90633373674625,-51.07551875715125
64.70979207249938,0.03059383477452535,-22.8370319881514,-51.19565308777406
65.00847890166459,0.02980146045573546,-22.90064141724997,-51.88934504588542
65.30854440659216,0.03024310383290843,-22.91497532522033,-52.36904505395716
65.60999495096021,0.03067536852038422,-22.89570513459181,-52.24675905135153
65.91283692782044,0.0300726892604326,-22.97368924616465,-52.71243258868662
66.21707675973329,0.03031462715297665,-23.0120340104172,-53.03561334614143
66.52272089890464,0.02963574339728994,-22.89849954751404,-53.32950051509726
66.82977582732217,0.03031543194302416,-23.01046401710715,-53.39786996150659
67.13824805689327,0.03015754437828168,-23.01140817889019,-53.72464119223736
67.44814412958273,0.03004286651371208,-23.03327911361379,-53.76495070583256
67.75947061755188,0.03083671714663314,-23.00929049767486,-54.0789134275255
68.07223412329756,0.02974025179134019,-23.05330408111141,-54.01068446396151
68.38644127979255,0.03005550742768122,-23.08615370824606,-54.83112242282859
68.70209875062582,0.02997228989119813,-23.08774785796452,-55.10488486978517
69.01921323014433,0.03020663353737748,-23.08948677387628,-55.34363885969037
69.33779144359448,0.02983441963856404,-23.10790031490942,-55.54525613201191
69.65784014726522,0.029986399291612,-23.09878857870664,-55.98103602796398
69.97936612863096,0.03033341432943297,-23.13963270192323,-55.67895223425694
70.30237620649575,0.03026608568429078,-23.22420569957821,-56.42857467020768
70.62687723113777,0.0303644932221545,-23.23259423815194,-56.44927909385675
70.95287608445466,0.02990232800038889,-23.22332085667772,-57.04490571386862
71.28037968010946,0.03053851156307023,-23.23770311035458,-57.15436981746791
71.60939496367723,0.03000405022557536,-23.21998580028515,-57.43201783525774
71.93992891279234,0.03006330493735821,-23.29689619789019,-57.62013388006818
72.27198853729644,0.0302692479613916,-23.28866381678969,-58.078842523724
72.60558087938718,0.0293952331442783,-23.34810377972913,-58.37836991987729
72.94071301376748,0.02949331219048884,-23.33345523980921,-58.91058066440245
73.27739204779564,0.02923034250372285,-23.31312958460527,-58.84258715877819
73.61562512163601,0.0295331993950193,-23.40981974741428,-59.23090176711574
73.95541940841044,0.02930131939453993,-23.39312730635207,-59.22523364941082
74.29678211435041,0.02939896236274561,-23.41149899117377,-60.13277236301545
74.63972047894988,0.02968924969496002,-23.49018910217417,-59.79449361308892
74.98424177511875,0.03028632628754028,-23.47198678795888,-60.45566754555023
75.33035330933717,0.03012959640270173,-23.45140657825772,-60.59174262108965
75.67806242181048,0.03072931418802754,-23.51964125679046,-61.1487978701191
76.02737648662485,0.03005396643096559,-23.54003600429269,-61.79615581817086
76.37830291190369,0.03090767043280384,-23.56154659898621,-61.56619205693788
76.73084913996479,0.02985767121369691,-23.53995428785562,-61.88328017044211
77.08502264747804,0.02983404568461297,-23.57094747698508,-62.35987142968975
77.44083094562414,0.0294869516155673,-23.5965594605211,-62.9092908111478
77.79828158025379,0.03002307423924964,-23.68963180355156,-62.78027502991023
78.15738213204777,0.03007551237253951,-23.58391772750899,-63.1762279118374
78.51814021667771,0.0303376148045158,-23.63422642936769,-63.75547531570191
78.8805634849675,0.02968364891847445,-23.66492959086656,-63.83835020035926
79.24465962305574,0.02986322339890476,-23.75075557971797,-64.28104605707605
79.61043635255858,0.02936703179960351,-23.68239272762028,-65.06712261087053
79.97790143073351,0.02993477743511385,-23.75729862229618,-64.86577772728742
80.34706265064395,0.02931466603459862,-23.78842460474237,-65.045261339717
80.7179278413244,0.0297751834305679,-23.86010655969128,-65.79543135403404
81.09050486794658,0.03004098840648443,-23.85937379615757,-65.97798134865423
81.46480163198619,0.02946911131204289,-23.85708586259396,-66.26273281079068
81.84082607139051,0.02971110223483495,-23.91671442270365,-66.34361981833962
82.21858616074665,0.02970457822638826,-23.92995250580498,-66.62087668833794
82.59808991145083,0.02941575454722459,-23.94642601371703,-67.46004553505855
82.97934537187811,0.02954445691929735,-23.97291682594752,-67.64795952950765
83.36236062755322,0.0302620683413275,-24.00293619173299,-67.82103422899515
83.74714380132195,0.02983882566972392,-23.94395170045858,-67.94621664420345
84.13370305352346,0.02956518699246682,-24.06458781221102,-68.63408736222374
84.52204658216328,0.02967383981202739,-24.05458409998663,-68.70006722882535
84.9121826230873,0.03013261029623963,-24.09900206510132,-69.17125941018988
85.30411945015626,0.03009630347674109,-24.14436546133636,-69.60167022733225
85.69786537542136,0.02947049992051727,-24.18207706928305,-69.97493282868676
86.09342874930044,0.03010064880824712,-24.16740234996745,-70.42299950412409
86.49081796075515,0.02986657367512301,-24.19023386743508,-71.0887106923078
86.89004143746887,0.0303422301765683,-24.21225336902578,-71.47345122713881
87.29110764602528,0.02907060934463104,-24.24283466664277,-71.53174968351406
87.69402509208815,0.02965365886962036,-24.329750052258,-72.12200820147929
88.09880232058154,0.03137621815151134,-24.3095358388874,-72.10011753064354
88.50544791587113,0.02837458277561248,-24.38608051634356,-72.60893959691792
88.91397050194624,0.03176672256402418,-24.44754914947929,-73.25831361471643
89.32437874260263,0.02813561274087755,-24.45584859436174,-73.41317679445002
89.73668134162642,0.02997691390996291,-24.43331148705547,-74.11272075992622
90.15088704297854,0.0323868953161789,-24.57173900971885,-74.29398407020142
90.56700463098022,0.03253088986876,-24.50164019156576,-73.94187741097369
90.98504293049926,0.03134203647522128,-24.55077463831003,-74.59892281446814
91.40501080713723,0.03181162048907401,-24.56613256941515,-75.11565820096837
91.82691716741742,0.02749729438084641,-24.63130456561353,-76.08300790828031
92.25077095897379,0.02884886434097008,-24.72505178958971,-76.43058384856252
92.67658117074068,0.03156127553537004,-24.69735609136007,-76.36286607821387
93.10435683314347,0.02773729913842454,-24.72899161273459,-77.30160370794798
93.53410701829013,0.03041215193258916,-24.74236387912299,-77.64061911060224
93.96584084016352,0.03149546894428352,-24.87032500446508,-77.663968799221
94.39956745481479,0.02834671785133372,-24.90583847182138,-78.7132415435685
94.83529606055741,0.02707633749379108,-24.92184678197455,-79.04929784192554
95.27303589816248,0.0278429037452,-24.95634352669578,-79.6294807337614
95.7127962510544,0.02781436797097388,-24.97007182134912,-79.74179365184017
96.15458644550802,0.03070361601668751,-25.10123069274609,-80.06025522477559
96.59841585084631,0.03264195620352244,-25.01488637295619,-80.43446815037566
97.04429387963901,0.02771036218628212,-25.11019175465361,-81.19963421173584
97.49222998790238,0.03183321206836896,-25.16318877170298,-81.29556555821659
97.94223367529959,0.02681713817292778,-25.25908977935373,-82.22197529764799
98.39431448534235,0.03246120870650267,-25.19674433742399,-82.1107434760943
98.84848200559316,0.03041520417025513,-25.305401877318,-82.81061387905174
99.30474586786869,0.02803052953608921,-25.38563070421065,-83.81206849652753
99.76311574844409,0.02759937548839073,-25.3778502101699,-83.89039215060453
100.2236013682582,0.02730591895571775,-25.39981576282771,-85.069930854213
100.6862124931195,0.02765399737209025,-25.42640628350726,-84.75229239106712
101.1509589339137,0.03002934128435925,-25.63024994792316,-85.05439269965515
101.6178505468112,0.03191592126925973,-25.47767081397894,-85.32769000551748
102.0868972334766,0.02841454437019688,-25.50317597694237,-86.4446954457182
102.5581089412784,0.0309783949584638,-25.76723907935724,-86.66049602232241
103.0314956635001,0.028184602379796,-25.66982549102904,-87.70527556756174
103.5070674395522,0.03171707658862851,-25.74618290775235,-87.63288286938004
103.9848343551849,0.03078693198407889,-25.78213307303547,-88.01856693667415
104.4648065427021,0.02846271977681927,-25.84379644551811,-89.09018095177798
104.9469941811763,0.02766151756793989,-25.9537427993523,-89.96656572956852
105.4314074966646,0.02825412852464096,-25.91386998931214,-90.37140654509082
105.9180567624252,0.02955698981631782,-26.07648960613272,-90.565884321133
106.4069522991357,0.03193466357900296,-26.05940401192461,-90.21074907201491
106.8981044751117,0.03088988559868053,-26.03254323762387,-91.18523898900065
107.3915237065268,0.02718471180670391,-26.05743966413513,-92.73348957353871
107.8872204576334,0.03092646808083231,-26.09529348967531,-92.07825572112803
108.3852052409849,0.02790094636325635,-26.14357499533134,-93.42650602467836
108.8854886176581,0.02775005117233997,-26.34312808328886,-94.18395992732961
109.3880811974778,0.02856379215750968,-26.24926241181256,-94.30032469861392
109.8929936392414,0.03115635446461967,-26.30992935350217,-94.29437777912329
110.4002366509451,0.03177162068907003,-26.39968872069939,-95.27452579950028
110.9098209900111,0.03139770720893605,-26.51022880957312,-96.24326315997321
111.4217574635153,0.03095567724851749,-26.53206638104701,-96.65573661397006
111.9360569284171,0.0287562798623421,-26.48985330788832,-96.80093060795764
112.4527302917891,0.02752094083369401,-26.59130970135882,-97.68563780532787
112.971788511049,0.03061260859476539,-26.70322135742583,-97.96250042387175
113.4932425941912,0.02977670824650673,-26.8041035179725,-99.18524396867076
114.017103600021,0.02915241583549043,-26.84306749238347,-100.1451689444122
114.5433826383887,0.03135702558425004,-26.79580826710136,-99.49689435782335
115.0720908704256,0.02991554822323705,-26.98792835188893,-101.0277378052996
115.6032395087798,0.03057698597128908,-27.21063175911091,-101.8834620444658
116.1368398178555,0.0289582195679722,-27.14035545088498,-103.1619707078225
116.6729031140502,0.02848791310655423,-27.16487965734647,-103.3585034944878
117.2114407659963,0.0285596266399418,-27.13896563303157,-103.595595487582
117.7524641948006,0.03034195051522559,-27.31668289026031,-103.8785279346772
118.2959848742881,0.02993741410494686,-27.35633526484612,-105.7513159085168
118.8420143312439,0.02875672919027721,-27.43507900898059,-106.516015507147
119.390564145659,0.03017244130743758,-27.50672282376745,-106.2337780226955
119.9416459509746,0.02881269305690292,-27.53546047396669,-107.5031206570968
120.4952714343299,0.02913985923883983,-27.65217122931241,-107.8479297548761
121.051452336809,0.02989635675636803,-27.7347266992861,-108.7838195527656
121.6102004536909,0.02996872087274564,-27.89353958407121,-109.6418477394532
122.1715276346987,0.0296028384903445,-27.80237352686783,-110.2866599812818
122.7354457842517,0.02981013881533062,-27.99671957873147,-110.2145907978767
123.3019668617171,0.02927973098922589,-27.98447675428996,-112.1688591184844
123.8711028816644,0.02913244873132528,-28.04150959641412,-112.1119683131381
124.4428659141197,0.0295515338081375,-28.17004615261526,-113.5325418238098
125.0172680848217,0.02954680231384402,-28.19109730704551,-113.9247481560128
125.5943215754791,0.02908211301006374,-28.20679671636184,-115.436930580693
126.1740386240289,0.02936827104361003,-28.34107889862391,-116.4369002233778
126.7564315248955,0.02869235916131013,-28.37054233245521,-116.6913358172337
127.3415126292522,0.02928726417278187,-28.36141018365991,-117.7769731023325
127.9292943452824,0.02912312672522852,-28.5315986045776,-119.0135801292929
128.5197891384433,0.02952884798576681,-28.58358717053788,-119.7722759332736
129.1130095317299,0.02949872692243858,-28.6709843591316,-120.8794655712653
129.7089681059408,0.02941322632266151,-28.85219430515566,-121.2592755829071
130.3076774999449,0.02992623917185436,-28.91145643955821,-121.7724483238521
130.9091504109494,0.02999004168833531,-29.08046345480062,-122.9613762272359
131.5133995947692,0.02884188522281879,-28.964365188166,-124.2161412526178
132.1204378660974,0.02931731021132023,-29.2280226991146,-125.9026399997817
132.7302780987771,0.03019532279663263,-29.3078542477817,-126.3399141889878
133.3429332260741,0.02933245193722142,-29.33725739348647,-128.156806550628
133.9584162409517,0.02906926586839104,-29.59275409515175,-128.269485206419
134.5767401963459,0.02889965448317099,-29.59306301937255,-130.2006851881716
135.1979182054423,0.02920260408892315,-29.58040975370208,-131.1516737207087
135.8219634419542,0.02891398139285119,-29.77077433206551,-130.9761702574912
136.4488891404022,0.02858547722320651,-29.75502923409944,-133.2144655844465
137.0787085963943,0.02935230324207085,-29.82913504061164,-134.1578446944729
137.7114351669084,0.02998566134400306,-30.09267639918203,-134.4615161877634
138.3470822705757,0.02936933325208999,-30.09268031933772,-135.5952507327233
138.9856633879646,0.02832919345370995,-30.02671723678224,-138.8046590541795
139.627192061867,0.028558465826567,-30.14587482614282,-139.027286920205
140.2716818975858,0.02940285862865193,-30.36922905034078,-141.6100584842874
140.9191465632228,0.02896687143939712,-30.43404428266491,-141.3851491578281
141.5695997899691,0.02888789415037262,-30.41310448379811,-144.5157139630655
142.2230553723959,0.02952056052085969,-30.58481318117417,-144.3425621650677
142.8795271687475,0.02920043006927251,-30.6250526487158,-145.8167552197246
143.5390291012347,0.02906710095551307,-30.75519395592839,-147.5491255232056
144.2015751563304,0.02826204211741778,-30.89713960448562,-148.1300022354957
144.8671793850663,0.02742719296184377,-30.91453167115606,-150.6913076969415
145.5358559033304,0.0291715642028607,-31.2294980783272,-152.6638656908356
146.2076188921669,0.02907458806473764,-31.05731426847958,-154.5697104654321
146.8824825980767,0.02913938948232907,-31.37829619296049,-154.902031732968
147.5604613333194,0.02930075617617784,-31.3478799119408,-156.1334942411581
148.2415694762173,0.02901261483348249,-31.41218961224499,-158.7850136115854
148.9258214714596,0.02957483939382321,-31.47690293058006,-160.7374510258041
149.6132318304096,0.02862891973249002,-31.52641951023016,-162.9133375434497
150.3038151314117,0.02888087208544562,-31.55122041975518,-163.2686928991533
150.997586020101,0.0287466889628097,-31.52774025452466,-166.2926220134729
151.6945592097137,0.02947211353842061,-31.82916186823813,-168.0796032515193
152.3947494813993,0.02871225552240469,-31.59019985198645,-169.9858803923762
153.098171684534,0.02866120330549178,-31.95852833942684,-171.8810964622148
153.8048407370356,0.02935693883184997,-31.75559314024597,-173.3909567734975
154.5147716256797,0.02877975391193537,-31.96764240371402,-174.6312384615365
155.2279794064179,0.02804083550098519,-32.13268771774865,-175.8690373610609
155.944479204697,0.02867426894950765,-32.01464575502933,-178.7713530836257
156.6642862157794,0.02782306278510291,-32.14094070496148,-179.5746410725824
157.3874157050659,0.02785529657896656,-31.93300399915222,177.8531902080027
158.1138830084191,0.02873439503783457,-32.02635846183325,174.4711105163709
158.8437035324886,0.02854649891524467,-32.0705588748652,174.6293371936624
159.5768927550382,0.02909108567043491,-31.68771280239979,172.2844673729598
160.3134662252734,0.02874660806178638,-31.97145072780073,169.5876893367805
161.0534395641718,0.02897857261259046,-32.05584127669501,167.8732141325476
161.7968284648142,0.02835612522860221,-32.36325826452713,163.909102508718
162.5436486927173,0.02849661175339925,-31.98492737016361,163.0544600532884
163.293916086168,0.02864206891313592,-31.93677426344765,161.4674035396275
164.0476465565596,0.02929987837142974,-32.1279038244874,158.4036421206966
164.804856088729,0.02897497610190178,-32.06674861474245,157.6271414339829
165.5655607412956,0.02877806919512964,-31.96141659848993,154.1923230513394
166.3297766470023,0.02933554811326789,-31.64915995935488,153.1211906991353
167.0975200130572,0.02861985140559277,-31.82175705054589,150.9085453078065
167.8688071214774,0.02844044094279184,-31.72932744517009,149.8342002677806
168.6436543294346,0.02940407089877951,-31.33749712845905,146.7942671351462
169.4220780696014,0.0285669344190334,-31.3933712499301,146.0815467393558
170.2040948505005,0.02982602666406784,-31.43298402795734,143.201787468393
170.9897212568545,0.03005644715154041,-31.07691013510378,140.6458205998813
171.7789739499374,0.02911306417611549,-30.98079449323208,140.6726342492049
172.5718696679282,0.02930344253268082,-30.82175730894409,137.7109188448261
173.3684252262659,0.02895363060276287,-30.92789311370842,134.556571277991
174.168657518006,0.02866232650681842,-31.02984092365547,132.5084894143303
174.9725835141788,0.02869327278225511,-30.69862179985333,130.8106557802906
175.7802202641492,0.02900852251440662,-30.75554428802995,129.6270952567708
176.5915848959786,0.02814147639502981,-30.4511662200551,127.2189450890651
177.4066946167878,0.02843354783452929,-30.45695823913185,125.7589275829505
178.2255667131222,0.02738623277628743,-30.19809961179531,123.7968345583925
179.0482185513181,0.02958918197888081,-30.13804181235242,121.7162332090158
179.8746675778713,0.0281205669108078,-30.04382484543473,120.6200505589929
180.7049313198068,0.02954907603694757,-30.02403226570286,117.89139383241
181.5390273850508,0.0279476199463469,-29.87012464230936,117.3034876457918
182.376973462804,0.02896962488872962,-29.6572237171379,115.4103776493619
183.2187873239168,0.02708166726417941,-29.6276402661794,114.9148489562864
184.0644868212657,0.02760642363976511,-29.51381529252357,112.7972309286812
184.9140898901332,0.02726170327699926,-29.23851340719535,110.7239119036549
185.7676145485863,0.02796290384751883,-29.18571550594471,110.2221257994413
186.6250788978604,0.02935183357752601,-29.08404721611724,107.3362286554515
187.4865011227418,0.02781909802976683,-28.84322072823618,107.162591822935
188.3518994919546,0.02985733618598321,-28.779831881143,104.5550236170996
189.2212923585467,0.02755045160717361,-28.63051791343926,104.0011953655546
190.0946981602807,0.02836106617094704,-28.50205106348524,101.6556747924732
190.9721354200233,0.02970512370075633,-28.4477917619912,99.68714203233513
191.8536227461395,0.02965323209105841,-28.23581423116664,99.22492226529413
192.7391788328859,0.02949883386600112,-27.94329597102343,97.90879584270908
193.6288224608087,0.02980074522238314,-27.93944366348122,96.46887397484839
194.5225724971403,0.02806154739366733,-27.61806766404884,95.28271293361163
195.4204478962011,0.02799666470684638,-27.58508988669041,92.77548593400235
196.3224676997999,0.0292495419577248,-27.62851236998559,92.63744298954225
197.2286510376393,0.02867736679861345,-27.59641194818398,91.46659321741782
198.1390171277197,0.02646847018078776,-27.27936717187097,90.0684066161088
199.0535852767488,0.02780295080954214,-27.24313131863415,87.91980920021399
199.9723748805488,0.02813985097465787,-27.10014695904719,88.03764743536942
200.8954054244701,0.02751762148463847,-26.81299870419555,85.76148503344778
201.8226964838025,0.02695479163893275,-26.79690253200719,85.22515505952617
202.7542677241921,0.02805206902461951,-26.62650706974397,83.81152385898815
203.6901389020564,0.02895600240498805,-26.60326421010215,83.10747536064186
204.6303298650056,0.02918330087522318,-26.38090976241394,81.23755091461049
205.5748605522612,0.02803566954509371,-26.23092057633226,80.57242409954472
206.5237509950808,0.0296704174017832,-26.26105217173964,78.65814625271136
207.4770213171815,0.02951637252360758,-26.02461707736074,77.28130621658153
208.4346917351678,0.02863011776924144,-25.89540971493966,76.11465552521194
209.3967825589592,0.0287713899326719,-25.75363025430183,75.97870849217719
210.3633141922222,0.02940263820262297,-25.69372813410975,74.38225212669602
211.3343071328015,0.02799295040642455,-25.55391020719731,73.33987472683509
212.3097819731566,0.02804023165237807,-25.40030524012611,72.75615370069514
213.2897594007964,0.02879672242975058,-25.37053133205301,71.56707187419421
214.2742601987199,0.02739956056507402,-25.17586197375248,69.85968390720805
215.2633052458554,0.02699480348985203,-25.08190454545736,69.09166859372741
216.2569155175045,0.02970945391107588,-24.92223293307978,67.59456623874382
217.2551120857858,0.02836501446762474,-24.78365880189333,67.05056511818333
218.2579161200832,0.02869708568572782,-24.7039071164805,65.17901595014496
219.2653488874929,0.02779442287349126,-24.67029438194347,64.93319104731125
220.2774317532768,0.02697828914041912,-24.58606714565878,63.59919066083665
221.2941861813134,0.02967400881278304,-24.37668836883334,62.44419364207751
222.3156337345545,0.02873226756109557,-24.31047417338376,61.15647191255118
223.3417960754816,0.02748873976503659,-24.14298253964562,60.56179406366476
224.3726949665663,0.02675478084148964,-24.08732890782233,60.0379891413595
225.4083522707301,0.02930798392766839,-23.98610879358399,58.67056793605799
226.4487899518106,0.02743508943022711,-23.89188058750376,58.01694246591039
227.4940300750244,0.02792695269846256,-23.82377332729984,56.53070874047237
228.5440948074377,0.02736157315042843,-23.70543687364196,55.73886897697524
229.5990064184344,0.02897201014745536,-23.53849982288351,55.071546889997
230.6587872801899,0.0280427799401579,-23.48081682108337,53.73790333701726
231.7234598681441,0.02754360372001608,-23.41437207541365,52.12551248663875
232.7930467614797,0.02805664995916394,-23.25056407097014,51.45447060832664
233.8675706435992,0.02720888050835183,-23.21416289399697,50.67634707986452
234.9470543026079,0.02866437747681594,-23.03663781633394,49.18108267493903
236.0315206317953,0.02721053884920987,-23.00185297856651,49.23015349222261
237.1209926301225,0.02686657131055662,-22.95904184568816,47.43700727205191
238.2154934027079,0.02597081459959464,-22.80006394346718,46.87916333138285
239.3150461613194,0.02739257873180756,-22.69208634056539,45.89256283429454
240.4196742248644,0.02717653920902834,-22.63588458343962,44.60709668888268
241.5294010198865,0.02728997829351701,-22.55816278141735,43.57125772735595
242.6442500810606,0.02745437534767706,-22.44862097437542,42.61612226688284
243.7642450516933,0.0274781159080937,-22.31710395076716,41.81697435244963
244.8894096842232,0.02833857465153385,-22.23371838334595,40.65814621453785
246.0197678407255,0.02694115825975618,-22.18185966731339,40.2703006069311
247.1553434934178,0.02646297276619647,-22.08611274202985,38.56336920725676
248.2961607251681,0.02721753153635063,-21.99981207083997,38.36363724218447
249.4422437300062,0.02752209988782353,-21.8986165227819,36.66933458555147
250.5936168136362,0.02769105306503808,-21.85964152445818,35.30840895780156
251.7503043939525,0.02728258262846176,-21.7906311536656,34.90511124708802
252.9123310015571,0.02780235132564916,-21.69454070253911,33.83824260495771
254.0797212802804,0.02677994897476854,-21.58119638475739,32.89274089767342
255.2524999877032,0.02737827035861517,-21.49271621353821,32.01999603429724
256.4306919956825,0.02694771414678072,-21.33395386833957,30.67689744856157
257.6143222908784,0.02621258120299102,-21.38154192619939,30.47288632562345
258.8034159752839,0.02629116509580837,-21.22015817091239,28.82667679137371
259.9979982667581,0.02680482440409847,-21.21061438714838,27.9047477528422
261.19809449956,0.02661042671160412,-21.14986781767365,27.11318183514864
262.4037301248864,0.02586298443791602,-21.06023624520612,26.03479354754545
263.6149307114115,0.02772624424445804,-21.04477984819543,24.8146368703017
264.831721945829,0.02665877815398716,-20.91013379124739,24.2646721093692
266.0541296333972,0.02625316125108921,-20.83634702891528,22.99411345521399
267.2821796984859,0.02730009547680195,-20.77487201564361,21.89579564337724
268.5158981851265,0.02647808213401208,-20.75334273637537,21.19076849241662
269.755311257564,0.02652451734227797,-20.69306431385482,20.12579050312144
271.0004452008121,0.02633597404630637,-20.55828860226307,19.54781338351353
272.2513264212108,0.02617466921823197,-20.42813986730242,17.9332356274276
273.5079814469859,0.02616413682994881,-20.45623739787174,17.30696335036523
274.7704369288124,0.02675328765043672,-20.41056941757039,16.31798610753528
276.0387196403788,0.02686597717435485,-20.36024358365969,15.07169580223958
277.3128564789555,0.0256786635490277,-20.31988205999848,14.20085643366216
278.5928744659651,0.02647817426777796,-20.18676246935328,13.2902139172545
279.8788007475552,0.02699316238366468,-20.11496676075448,12.79185181864747
281.1706625951747,0.02670985619329909,-20.09649454836104,10.74561588090716
282.4684874061514,0.02649331212653728,-20.04594941681845,10.47490200477381
283.7723027042737,0.02697487245014684,-20.06381308185482,9.25932379660685
285.0821361403739,0.02548051813013869,-19.97966290192155,8.404461740899251
286.3980154929147,0.02603466430116545,-19.91757000141021,7.012418854715662
287.7199686685786,0.02570177417248727,-19.77388947919281,5.689004331306961
289.0480237028592,0.02660877110753051,-19.81704491778938,5.243121747567315
290.3822087606562,0.02577784281881687,-19.81691362390555,4.400548688891192
291.7225521368725,0.02620501599179056,-19.66641077621179,3.344474702981625
293.0690822570145,0.02573095479601556,-19.64058290431361,2.223405573633471
294.4218276777947,0.02692397224361139,-19.6348693281016,1.269470900955099
295.7808170877371,0.02573315833611927,-19.59168172250452,0.09154440531023056
297.1460793077865,0.02599043871838154,-19.5360685402932,-1.033889807412663
298.5176432919186,0.0259987808161157,-19.4863373343443,-1.324819506153347
299.8955381277549,0.02538486651279548,-19.4863129948281,-2.694063341650029
301.279793037179,0.02482576793978562,-19.41648256318122,-3.750756006190841
302.670437376957,0.02567337548960796,-19.41489937095236,-4.709896923949287
304.0675006393591,0.02530428450809899,-19.33390600693537,-5.958265281087971
305.4710124527862,0.02512028312641783,-19.31166448166579,-6.930884089437257
306.8810025823973,0.0250642744635926,-19.28459113005822,-8.001030028141173
308.2975009307413,0.02530365217489696,-19.27131760443982,-9.615186474510352
309.7205375383909,0.0249027879925888,-19.24292805218802,-10.18309086602839
311.1501425845799,0.02525157058488464,-19.17858472108554,-11.25071132695538
312.5863463878431,0.02543363725627571,-19.19349312677138,-12.35957864071253
314.0291794066592,0.02542061642224367,-19.12935668002503,-13.68341322366777
315.4786722400968,0.02561271987073376,-19.10229440185275,-14.16004808593432
316.9348556284637,0.0247969846212231,-19.05991431619366,-15.35166591832493
318.3977604539581,0.02509161324389216,-19.0529265662136,-16.4291228236014
319.8674177413242,0.02509205913584103,-19.12385005072108,-17.51351530841308
321.34385865851,0.02525055571295271,-19.00074640207843,-18.74132469293578
322.827114517328,0.02449728377533086,-18.98649791578351,-20.15139324786162
324.3172167741194,0.02502866534677681,-18.99864750370451,-20.82600985147454
325.8141970304216,0.02477808993047504,-19.02660932675688,-22.4890970378504
327.3180870336375,0.0243011648835887,-19.08991800211345,-22.96138354326541
328.8289186777105,0.02428404461270392,-19.0009693768409,-24.03392297239789
330.346724003798,0.02401669171019796,-19.01875287496599,-25.50562831372937
331.8715352009546,0.02511921214208334,-18.95926694871811,-26.5857655068246
333.4033846068111,0.02436472303200964,-19.00534408990787,-27.69751597766
334.9423047082634,0.0250587412790735,-18.99893717535296,-29.11352338253948
336.4883281421589,0.02415277248310311,-18.98250867717794,-29.735429264848
338.0414876959911,0.02473820085850762,-19.03218986195574,-30.98873014405918
339.6018163085923,0.02463926078706056,-19.07972341528462,-32.10081263268928
341.169347070835,0.02378202939107332,-19.06627548655948,-33.25294096667634
342.7441132263309,0.02382020827181065,-18.96954857116527,-34.55067121228242
344.3261481721383,0.0240981056726889,-19.06623952091432,-35.82089677098607
345.9154854594683,0.02554439390756064,-19.11702412139643,-36.54127471282595
347.5121587943987,0.02414374952482813,-19.06981071806413,-37.71940772274523
349.1162020385858,0.02505575577235029,-19.08612204307424,-38.8163955497472
350.7276492099859,0.02408732437289599,-19.13789036211207,-39.90915860458681
352.3465344835736,0.0244502045079337,-19.15293240811763,-41.76147003898365
353.9728921920692,0.02462405210462529,-19.11714918417175,-42.64110034245308
355.6067568266646,0.0243997399926218,-19.17766334699138,-44.23129332948599
357.2481630377569,0.02469304758541835,-19.22638371099681,-44.8302344083064
358.8971456356809,0.02449030744222143,-19.21032031594176,-46.53262401632351
360.5537395914501,0.02550472947297963,-19.31701476451147,-47.61533176653828
362.2179800374951,0.02442007338882771,-19.3872005931293,-48.7294784718287
363.8899022684123,0.02456003744304356,-19.39144843579672,-49.84279812018936
365.5695417417088,0.0234465222644091,-19.41373629849605,-51.87632439184711
367.2569340785577,0.02346591488230053,-19.58151928085254,-53.03170053057192
368.9521150645506,0.02470552132192531,-19.55752021915842,-53.65536407964534
370.655120650459,0.02279742283274236,-19.60379561779882,-54.91918629768533
372.3659869529946,0.0238609773415343,-19.69245409804988,-56.51131121058249
374.0847502555775,0.024031348637711,-19.76751677071531,-57.6850492081588
375.8114470091028,0.02375677052545818,-19.79528082946493,-59.3418712209841
377.5461138327173,0.02440563340724288,-19.91772256887435,-60.53863871862781
379.288787514592,0.02312973204734423,-19.98999994930893,-62.21705522027681
381.0395050127063,0.02353164800966274,-20.072171737149,-62.94218189630525
382.7983034556283,0.02253778213377307,-20.20710119325487,-64.80411951931296
384.5652201433051,0.02415350819620407,-20.17443309596111,-65.6937087060335
386.3402925478512,0.02417593648491207,-20.43408374732451,-67.33362889122634
388.1235583143462,0.02378017336591395,-20.39126098513851,-68.69889782415714
389.9150552616295,0.02333268682367685,-20.55004237994226,-69.97498181397933
391.7148213831062,0.02359663837364076,-20.73076028699111,-71.96656865927774
393.5228948475494,0.02241909379375568,-20.81951573678968,-72.92196805964645
395.3393139999129,0.02337576132475365,-21.01612277479504,-75.22147433534802
397.1641173621409,0.02372241259087846,-21.04306359571095,-75.7835463343356
398.9973436339886,0.02248359932873603,-21.19121492115891,-77.54864636690314
400.8390316938397,0.02313183527591878,-21.28861603614075,-78.88158287452572
402.6892205995336,0.02297817123931132,-21.52054749239575,-80.48895400420741
404.5479495891913,0.02282402531663556,-21.66936626835618,-81.99586066290945
406.4152580820499,0.02196470255567148,-21.79506049869156,-83.4047926983867
408.2911856792963,0.02305652585640621,-22.13233937752618,-85.4050477200505
410.1757721649095,0.02310221197203288,-22.21997748803766,-87.30463093656816
412.0690575065013,0.02296328475839881,-22.44435676027683,-89.26249285139957
413.9710818561675,0.02312864096305823,-22.71875762593329,-91.19059224267711
415.8818855513356,0.02281355138988555,-22.86039149530244,-93.13194562767001
417.8015091156244,0.02120756484872749,-23.09785633745451,-94.93745871027204
419.7299932596989,0.02223984232941047,-23.42704284951506,-96.67743016156203
421.6673788821381,0.02243832312537063,-23.66022339186691,-98.43541928032056
423.6137070702984,0.02170594651410566,-23.9145735398344,-100.5967096177019
425.5690191011886,0.02229604069191689,-24.21553118345862,-102.720485504126
427.5333564423418,0.02234865396951339,-24.4955226959416,-103.9706082539748
429.5067607526983,0.02320005287606806,-24.77975123968242,-107.111802041887
431.4892738834853,0.02208544607547776,-25.2692578425412,-109.5791070900368
433.4809378791085,0.02202400425442378,-25.59433954004291,-111.9573732266736
435.4817949780405,0.02125305573292,-25.9399559586086,-114.3969068584047
437.4918876137182,0.02215497440910837,-26.49057710593246,-116.9960450919151
439.5112584154423,0.02123658542876175,-26.85076505165091,-121.7579292117297
441.5399502092816,0.02071806230636601,-27.22148929043894,-124.3389267385694
443.5780060189806,0.02190463894302903,-27.77528426911686,-129.8895148821927
445.6254690668729,0.02140778468294965,-28.26081014183538,-132.774139452794
447.6823827747971,0.02069726305070077,-28.69332324994791,-137.9142348484174
449.7487907650178,0.02104725465240215,-29.55906486210843,-142.6773499567827
451.8247368611509,0.02082980955298894,-30.02391471605869,-147.5869907168832
453.9102650890931,0.0203059791660784,-30.58366347834328,-153.4637256204772
456.005419677955,0.02014672340600446,-31.19104869829579,-163.9432658503914
458.1102450610001,0.02100269297128359,-31.31676456088038,-171.1852274830041
460.2247858765859,0.01970779365190735,-31.90038057993156,178.242718337212
462.3490869691115,0.02091242598156131,-31.99941141623107,169.9714549374194
464.4831933899684,0.02089777834594292,-32.29764443273044,157.0696675455607
466.6271503984958,0.02003321458322401,-31.81507577559848,147.347044594178
468.7810034629404,0.0202806068572752,-31.55861567419031,137.0174769647072
470.9447982614209,0.02011744375947365,-30.58874444132699,129.7578274970548
473.1185806828967,0.02037308665570555,-29.65663515045378,121.4007456608184
475.302396828141,0.01933655396163774,-29.10437463712645,111.7265325289504
477.4962930107182,0.01985430189105382,-28.62272866157317,107.8435928032491
479.7003157579668,0.01894338999770969,-27.68869556063813,103.8104195512645
481.9145118119855,0.02071663396948404,-27.05096592461082,96.44612333269913
484.1389281306248,0.02000943318454974,-26.47748454223617,92.19058834049152
486.3736118884828,0.02017989070602844,-25.51545862733162,88.31485184315663
488.6186104779056,0.02004832761312078,-25.06676444175678,85.57448742132516
490.8739715099924,0.01973710019928706,-24.25329166913854,80.7523668279657
493.1397428156055,0.01963314852987712,-23.73376533635478,78.17209947177146
495.415972446384,0.01825444138686617,-23.14952891049305,75.15643521897567
497.7027086757637,0.01874960057312525,-22.5992694356481,71.80248402256916
500.0000000000002,0.01936530179590682,-22.09782453446075,69.4184653093901
502.3078951391978,0.01874810523235318,-21.56453774979437,66.17784238152717
504.6264430383424,0.01918292517704712,-21.00913339969039,64.23180702601071
506.95569286834,0.01907530500701725,-20.47184858673275,61.25616469670962
509.2956940270587,0.01922252325846198,-20.10630373364691,59.10745250608485
511.6464961403774,0.0176411520853291,-19.57476703526257,57.10619234230786
514.0081490632369,0.01868044783495737,-19.10230525832389,54.66218825278925
516.380702880699,0.01833480552580607,-18.75255938092441,52.53442174974969
518.7642079090066,0.01731971800923523,-18.30348579100321,50.43924912186673
521.1587146966523,0.01829878072515864,-17.9464372882058,47.93058857585397
523.5642740254501,0.01818278480952587,-17.51141676280128,46.62361202987046
525.9809369116117,0.01822224883901998,-17.1062428844457,44.71376429674049
528.4087546068296,0.01805805908531102,-16.71180277139621,42.6346744492476
530.8477785993626,0.01769336856238601,-16.41551893760311,40.5217845664902
533.2980606151292,0.01737979230912372,-16.04549584147853,39.27260359578406
535.7596526188036,0.01781292866352587,-15.69475842479921,37.04243652536147
538.2326068149177,0.01668916579106352,-15.41364327933806,35.17942751504604
540.7169756489693,0.01675662275456161,-15.12029946593964,33.27896481736857
543.212811808533,0.01611155683710155,-14.73895502499718,31.69609145758352
545.7201682243785,0.01737973161769051,-14.48345295620245,29.55802966116685
548.2390980715928,0.01657023888098931,-14.12268074337446,27.28749794796846
550.7696547707078,0.01588870498984318,-13.7809034839523,25.54282066407836
553.3118919888335,0.0176837893846627,-13.53727578519338,23.99842187930987
555.865863640796,0.01584407816258925,-13.26148830964967,21.95298344294032
558.4316238902809,0.01590717370362155,-12.99731411148493,20.41693675252181
561.009227150982,0.01623439995391686,-12.73473696193835,18.52280648446305
563.5987280877555,0.01682773134559695,-12.44946971335836,16.91411485941979
566.2001816177789,0.0148144063213436,-12.1936116468398,14.89262882649973
568.8136429117158,0.01627519682568333,-11.91666424581765,12.90930488809498
571.4391673948862,0.01532673752298904,-11.70408649967358,11.08031620645269
574.0768107484417,0.01466118931428246,-11.42485102979866,9.339910020885867
576.7266289105464,0.01463384474483323,-11.170902869193,7.381459364731981
579.3886780775634,0.01477716660017375,-10.90144707109785,5.784851894306854
582.063014705246,0.01540038344376341,-10.66183494670802,3.75426051301595
584.7496955099358,0.01544982899169649,-10.44446120178044,2.062043494324541
587.4487774697652,0.01438362396542208,-10.29129902062136,0.1057726253000979
590.1603178258651,0.01534472535153663,-10.04448137024044,-1.466815696228934
592.8843740835804,0.01543683435745776,-9.867727123366004,-3.51490879051762
595.6210040136878,0.01454881802588765,-9.61008536138219,-5.277255974834304
598.3702656536221,0.01473660765743722,-9.423276640248758,-7.224787770338651
601.1322173087068,0.01477940052053059,-9.223434101469858,-8.643688743041153
603.9069175533905,0.01575307197164403,-9.09016776624855,-10.70605046520359
606.694425232489,0.01395867634716061,-8.667257132222128,-12.66795793449978
609.4947994624337,0.01552765494859538,-8.492007904011436,-14.32740206807529
612.3080996325248,0.01536480286485674,-8.266294016358621,-16.08802042727088
615.1343854061912,0.01538267509555588,-8.099069319580789,-17.99765234559123
617.9737167222556,0.01435516101096437,-7.846017654162881,-19.84140440189588
620.826153796206,0.01438101863137597,-7.679642068353386,-21.77470040237904
623.6917571214719,0.01420087133651227,-7.486820375455975,-23.69544106093198
626.5705874707083,0.01400211285564397,-7.357752838869136,-25.54725450756395
629.4627058970841,0.01439294234224497,-7.223730037517335,-27.50717175426257
632.3681737355762,0.01360608980965605,-7.003920993136691,-29.30671531295334
635.2870526042713,0.01413438099998969,-6.757185056258061,-31.15845919298775
638.2194044056724,0.01318209954840187,-6.61474159191494,-33.126099658306
641.1652913280112,0.01281470025573721,-6.443840731453145,-34.66052674894286
644.1247758465674,0.01365076325898882,-6.287411869823304,-36.59318411716157
647.0979207249935,0.01321373299778752,-6.099433726797684,-38.5470529357531
650.0847890166456,0.0141502021036696,-5.921273484797656,-40.70706343763838
653.0854440659211,0.01272385357747087,-5.735611440123796,-42.66926816219666
656.0999495096021,0.01363740714123604,-5.598336701076053,-44.52556830777439
659.1283692782041,0.01368167738831603,-5.478208355580442,-46.26731734530409
662.1707675973329,0.01393988940270779,-5.282223879624096,-48.10251195311216
665.2272089890461,0.01344893676498873,-5.162863974745632,-50.19811723137613
668.2977582732213,0.01265888524437523,-5.030267431222172,-52.1815814077852
671.3824805689321,0.01229110139044634,-4.890636970342619,-53.82787936614038
674.4814412958269,0.012586093877876,-4.691855707061138,-55.90514055546273
677.5947061755181,0.01218370691965432,-4.564486429008717,-58.0416573763748
680.7223412329752,0.01211607561778228,-4.402940721512289,-59.96687337266219
683.8644127979247,0.01279624982556966,-4.267822355276064,-61.99154286698162
687.0209875062577,0.01123521618548557,-4.12687562806519,-63.7951116344511
690.1921323014426,0.01246972904217381,-4.023042426453543,-65.79433235301047
693.3779144359445,0.01133019418876115,-3.895430101806321,-67.70731224195498
696.5784014726518,0.01249537093791731,-3.766566937310523,-70.00391446490701
699.7936612863093,0.01038295671290481,-3.681738198301916,-71.90964266608437
703.0237620649571,0.01184399715980306,-3.4799484988968,-74.04620128878321
706.2687723113773,0.01172933541749991,-3.400320922458238,-75.730815526013
709.5287608445464,0.0113339567241962,-3.258228817699924,-78.1369101398774
712.8037968010943,0.0111080598500553,-3.136930756744175,-79.86089004400507
716.093949636772,0.0109253854819134,-2.993340425886371,-82.08969208947877
719.399289127923,0.009700724201420097,-2.936113719322394,-84.30280225584643
722.719885372964,0.01011996910786014,-2.802960175291386,-86.17693987738676
726.0558087938714,0.01139453482394742,-2.673163313836437,-88.22246618055323
729.4071301376745,0.01068845169014776,-2.570576424867168,-90.25036957793139
732.7739204779559,0.01024773164057764,-2.514138235692839,-92.61594336177018
736.1562512163597,0.008891960387376151,-2.368962289174396,-94.37538041522464
739.554194084104,0.01017039297423817,-2.248494177613689,-96.37358901439214
742.9678211435037,0.00993324515533252,-2.143688975201353,-98.46621872280834
746.3972047894983,0.01057527920584979,-2.052131540778652,-100.5945233052165
749.842417751187,0.01012150534527835,-1.95643816765913,-102.8651194018041
753.3035330933712,0.009192476117244514,-1.854127587784998,-104.7201671984173
756.7806242181044,0.007199580622083498,-1.797583809361363,-107.3244195459891
760.273764866248,0.008217208296221801,-1.711061957788043,-109.19308453739
763.7830291190365,0.008495175124293992,-1.606309389057726,-111.3736910347272
767.3084913996473,0.00786251783471845,-1.473430268794087,-113.6827037760659
770.85022647478,0.008474142028574314,-1.412468190931172,-115.6352350185129
774.408309456241,0.007706216483355086,-1.345553488639792,-118.0582166736722
777.9828158025374,0.007540659991967158,-1.249588597261596,-120.1661044467021
781.5738213204774,0.006983445227532515,-1.197166463841169,-122.5121553985705
785.1814021667765,0.00666590985986674,-1.124001231683198,-124.6309547900209
788.8056348496746,0.006364265024194684,-1.028599269063259,-126.7925385015961
792.4465962305571,0.005424854598926897,-0.9652420197106191,-129.0836989647995
796.1043635255854,0.005859211648803672,-0.9019756410997812,-131.1882452636241
799.7790143073348,0.004997184669812194,-0.8314897500047745,-133.4180412699568
803.470626506439,0.006954700895891756,-0.7575997566370524,-135.8400035798578
807.1792784132435,0.004333888921357761,-0.6877331578196746,-137.9898565688842
810.9050486794653,0.005252468442525885,-0.6040595228207299,-140.0738531913181
814.6480163198617,0.004479069018815696,-0.559130084800382,-142.5559284877021
818.4082607139047,0.004367344123484624,-0.488645455614409,-144.5745213511946
822.1858616074662,0.005011460888521668,-0.4078371077492951,-146.9351705242039
825.9808991145079,0.005316381726869012,-0.3608291903547556,-149.3772006795019
829.7934537187807,0.003735726315133482,-0.3502742575163864,-151.510020136913
833.6236062755318,0.002183156071256814,-0.2562017043687863,-153.9599252610638
837.4714380132191,0.003386885119574801,-0.2184749526061379,-156.2007653815045
841.3370305352341,0.002159136633367442,-0.1724691284173452,-158.6541457584023
845.2204658216325,0.002461353210824399,-0.1120145390853846,-161.0088904219718
849.1218262308726,0.002890328018363865,-0.09833374636418964,-163.3225052810975
853.0411945015621,0.001573419096600223,-0.02736442657338068,-165.7112697146017
856.978653754213,0.00167833974068642,-0.03310993985203557,-168.1237203045933
860.934287493004,0.002466119753783683,0.0472537913338044,-170.5939242494029
864.9081796075511,0.00155559728514725,0.04485581167898456,-172.8933834601667
868.9004143746881,0.0002539299689818597,0.07340950932723105,-175.2406807413317
872.9110764602524,0.0001932739722112141,0.1244225907527024,-177.8453078465181
876.9402509208811,0.0008735575628968416,0.1397825450322779,179.9586880596677
880.9880232058151,-0.001183648690524804,0.1528207866311198,177.1268488713475
885.054479158711,-0.001106744711387986,0.1939692235596533,174.9789151867597
889.1397050194619,-0.001278615188726015,0.2267170108939487,172.3030185523795
893.2437874260256,-0.0004902716734357,0.2431297207433057,169.8894659576263
897.3668134162635,-0.001124879740130951,0.2450073308539242,167.5505504065633
901.5088704297847,-0.002150042081822373,0.3000124054277323,165.0554735535714
905.6700463098015,-0.0003912994848321667,0.3048077981152725,162.5061661150831
909.850429304992,-0.002409487963617188,0.2958313464891525,159.7962962993853
914.0501080713716,-0.002338694350569402,0.3044242282149435,157.3026730235963
918.2691716741735,-0.001514449629000846,0.2969260920488596,154.9209565611712
922.507709589737,-0.003726978336617421,0.3413047760390315,152.3292153774008
926.765811707406,-0.003722600801899634,0.3488676105593927,149.583678093283
931.043568331434,-0.003553075527140946,0.3253298058268031,147.2163248147803
935.3410701829006,-0.0036020288677559,0.3607308196816708,144.533181882703
939.6584084016345,-0.002552398513989446,0.3364807609540241,141.9617642123947
943.995674548147,-0.004917721990280005,0.2999828602420925,139.1158073468391
948.3529606055733,-0.004450700949345529,0.3522913350190823,136.758191205281
952.7303589816238,-0.004123208312878066,0.3590815618033489,134.1371800194028
957.1279625105432,-0.004101460453496733,0.3507564571100713,131.6163534129738
961.5458644550795,-0.004751109477926723,0.3096037133795073,128.7745350404563
965.9841585084623,-0.005321372347406657,0.2836825789499894,126.0293277662047
970.4429387963894,-0.005333615274411521,0.3178534786529941,123.4405471796542
974.9222998790231,-0.006348674064720432,0.2800327408109697,120.7263213287692
979.4223367529953,-0.005509265843011951,0.2616830391248702,117.9982717446437
983.9431448534227,-0.006033669927027179,0.2417387437922539,115.333007906183
988.4848200559306,-0.005982533313021808,0.2203115853883101,112.5507584171464
993.0474586786861,-0.007110632827711723,0.252331040565735,109.7459991528215
997.6311574844401,-0.00511199695678997,0.208112306812985,106.9258815460068
1002.236013682581,-0.006232728458592736,0.1769205206564085,104.2454333077632
1006.862124931194,-0.005379856210777309,0.1576388577693817,101.6192779015008
1011.509589339136,-0.006153053367751701,0.1453612256065933,98.85409327974723
1016.178505468111,-0.006927013540054005,0.09805519193020654,95.7610114378179
1020.868972334765,-0.00691921018830421,0.06891916037264477,93.06809875147849
1025.581089412783,-0.007468146161639516,0.105030719359716,90.07916584850423
1030.314956635,-0.007634927588343146,0.04290692107343823,87.38309346960695
1035.070674395522,-0.007007368948271434,-0.01703695086075065,84.45577001484079
1039.848343551848,-0.00681672066531634,-0.02192066792334135,81.38701320748078
1044.64806542702,-0.007474039813137964,-0.08050219736333153,78.51461855054369
1049.469941811763,-0.008652148329542097,-0.1038899051394386,75.5559548205658
1054.314074966645,-0.008419587793793596,-0.1124237640099723,72.67218126014527
1059.180567624251,-0.007758830167308895,-0.1513557109176779,70.06019086998504
1064.069522991357,-0.007295723780934097,-0.2353091490473783,66.69844789532856
1068.981044751117,-0.008152966349390642,-0.2059740310521611,63.79905621771911
1073.915237065267,-0.008529940705965171,-0.2351544337688284,61.0825455164838
1078.872204576334,-0.008347425319616351,-0.2889131724172178,57.8584620106712
1083.852052409848,-0.008525459710020665,-0.3146443222574599,54.62221904503016
1088.85488617658,-0.009560838555037912,-0.3447663321778376,51.3384621600909
1093.880811974777,-0.008558605141332505,-0.3423710780625417,48.2723587802183
1098.929936392413,-0.008077801408448344,-0.4489163176592204,45.29770073111332
1104.00236650945,-0.007818262224170675,-0.4729443301723323,42.52883312742608
1109.09820990011,-0.008117636729882312,-0.5195436306185821,39.06531459275189
1114.217574635152,-0.009202889265583099,-0.503008128686833,35.85674771587334
1119.36056928417,-0.008657922821484833,-0.5673125592914994,32.65626036609652
1124.527302917891,-0.007869183672048308,-0.5743180188478647,29.83873691897448
1129.71788511049,-0.008167620424581209,-0.6081365279847984,26.40966928923593
1134.932425941912,-0.008342611791150291,-0.6422027339323645,23.12446003566782
1140.17103600021,-0.009333952840506558,-0.6465547589641403,19.87229233952404
1145.433826383887,-0.008676549624118646,-0.7101226659861991,16.75057887242889
1150.720908704255,-0.008309081951443623,-0.6714566418486263,13.01565581077153
1156.032395087798,-0.009137249680198474,-0.7313144439358438,10.085332097834
1161.368398178554,-0.008945793763587777,-0.7622981941155511,6.918211899016541
1166.729031140502,-0.01100034706792618,-0.7671486476829091,3.352655525883819
1172.114407659962,-0.00952179885417417,-0.7788609794396544,0.2385998917710594
1177.524641948005,-0.00968587149590441,-0.8246681606199696,-3.301445294367312
1182.95984874288,-0.009611911984735252,-0.8248321021157197,-6.750713840103728
1188.420143312438,-0.009412655066620888,-0.8315934134984599,-10.31178990939912
1193.905641456589,-0.00947939110072918,-0.8395193024876992,-13.57274105440129
1199.416459509745,-0.009817711985592618,-0.8782297602084453,-17.08603902149827
1204.952714343297,-0.01057853349288186,-0.8748618603239801,-20.66535847166492
1210.514523368089,-0.0106981816049811,-0.8785324511537905,-23.84997837451169
1216.102004536908,-0.009775691068313809,-0.8488226474125478,-27.27732678624058
1221.715276346986,-0.01078955016187509,-0.8402807213999565,-31.04907872155866
1227.354457842515,-0.009543899492359361,-0.872985235918583,-34.55743512049423
1233.01966861717,-0.009528739437781559,-0.8260762531581536,-38.07962818511408
1238.711028816643,-0.009832136258691466,-0.8318899239776579,-41.70313719755528
1244.428659141195,-0.01056116637912683,-0.8137894493293002,-45.39131498641528
1250.172680848216,-0.01034281001863832,-0.7537528374352063,-49.29663921102278
1255.94321575479,-0.01108953077920258,-0.7828159812686775,-52.68701247143956
1261.740386240287,-0.01266806896048612,-0.7336486675051519,-56.23824093672721
1267.564315248954,-0.01295501639955752,-0.7283246528912984,-60.04145769162618
1273.415126292521,-0.01291826746236045,-0.7102921611151276,-63.5923706769446
1279.292943452823,-0.01147672316401563,-0.6806511837065528,-67.18368784950837
1285.197891384432,-0.01301557594774145,-0.6274921142223797,-70.95249789363581
1291.130095317298,-0.01352612134781379,-0.6252013105452453,-74.77032748344027
1297.089681059407,-0.0133207890716264,-0.5880764781209653,-78.54431359910183
1303.076774999448,-0.01341589409975382,-0.5655896428538573,-82.06443381097148
1309.091504109493,-0.01501357654175944,-0.5003232950199775,-85.94638419781725
1315.133995947691,-0.01580906182361237,-0.4701858060264501,-89.79917605992006
1321.204378660973,-0.01424795240971437,-0.4186041195170251,-93.51878936306981
1327.30278098777,-0.01460794580510822,-0.3899138552461207,-97.54837039167781
1333.42933226074,-0.01608163025579742,-0.3688016291054344,-101.5519402389328
1339.584162409516,-0.01542997660703183,-0.321173393242154,-105.0263325229579
1345.767401963458,-0.0157095731599749,-0.2640248527279435,-108.9405811258433
1351.979182054422,-0.01723957855160459,-0.200984010529701,-112.6436685216514
1358.219634419542,-0.01701095782129829,-0.2046086426019184,-116.7792290376635
1364.488891404021,-0.01758652723795357,-0.1532844193957841,-120.4886175098673
1370.787085963942,-0.01842027472717466,-0.1449944999013778,-124.3630030579772
1377.114351669083,-0.01787052527242257,-0.1204209588563683,-128.3127605563521
1383.470822705756,-0.01911504212262008,-0.09944880019710507,-132.2185566896243
1389.856633879645,-0.01946257716907732,-0.04612234708175356,-136.0769147169777
1396.271920618669,-0.02025739608913479,0.01300506429892463,-140.1462745090291
1402.716818975857,-0.02049307374790616,-0.001839652958770639,-144.1155410749948
1409.191465632227,-0.02042702716304405,0.03940950951709958,-148.1572469504293
1415.69599789969,-0.02229216602015735,0.06997987780315285,-152.164014669829
1422.230553723958,-0.02252880518617694,0.1242531705944429,-156.0476210591102
1428.795271687474,-0.02328220477306375,0.1055110129470555,-159.8718862895921
1435.390291012346,-0.02261122120472617,0.09747001868332589,-164.1296872138736
1442.015751563303,-0.02450219309291869,0.1825783022962476,-168.0681523856936
1448.671793850662,-0.02494223971335575,0.1499852227379508,-172.2046136747582
1455.358559033303,-0.02474189396981087,0.1449664043472894,-176.1247200071045
1462.076188921668,-0.02412643457726407,0.07943137481052573,179.6961303630049
1468.824825980766,-0.02546231520188718,0.1689225523366094,175.7634957239179
1475.604613333193,-0.02698516380647928,0.1574132962181375,171.3676493951702
1482.415694762171,-0.02743403687851951,0.1429902941415566,167.5239135708744
1489.258214714595,-0.02663449454366156,0.1403456632817337,163.387562379067
1496.132318304095,-0.02660407531300736,0.08981510179610624,159.0358004414033
1503.038151314116,-0.02845673428214678,0.05921116564709478,154.6471661221333
1509.975860201009,-0.02903847618019806,0.07647588924327446,150.5299591975043
1516.945592097136,-0.02850448601596632,0.04534341251320592,146.3864968517294
1523.947494813992,-0.02843512103202389,-0.06595509067079607,142.1638890140875
1530.981716845339,-0.0282524221257103,-0.07708696956982243,137.829184880692
1538.048407370354,-0.03028871562558896,-0.1311758077809817,133.493375444566
1545.147716256796,-0.02903077253093347,-0.22367684883626,129.3795684059911
1552.279794064178,-0.02938032007997649,-0.3514833901833458,125.0590968945064
1559.444792046969,-0.02931623029710129,-0.3810466553728388,120.6775878860507
1566.642862157793,-0.03031409107264547,-0.4715902467322342,116.3532370691989
1573.874157050658,-0.03008735680577985,-0.6228450897436442,111.975511060444
1581.13883008419,-0.02961005627484316,-0.7188319542702024,107.8626594932925
1588.437035324886,-0.02943215662523598,-0.8019257397787293,103.2292977518863
1595.768927550381,-0.03098372017067478,-0.9259315870760342,98.67118601846876
1603.134662252733,-0.02813109007427141,-1.100597847070009,94.4972089729345
1610.534395641718,-0.02935280670260288,-1.246999870601994,90.26542671380219
1617.968284648142,-0.02944421792771766,-1.420121983241485,85.77804453227506
1625.436486927172,-0.03011267157911685,-1.573339414615008,80.96445678306544
1632.93916086168,-0.0286341814338239,-1.777166219655622,76.69325529549423
1640.476465565596,-0.02929902561794454,-1.965680137936106,72.00636197388117
1648.048560887289,-0.03018695377360459,-2.152351409340301,67.51290724687672
1655.655607412956,-0.03097482374888899,-2.403097988635166,63.03636557752539
1663.297766470023,-0.03121607862213839,-2.655924134422536,58.63027596619415
1670.975200130572,-0.03116929106387582,-2.875133050540394,53.80322553131132
1678.688071214774,-0.02977202975979465,-3.085506290715742,49.37277932747826
1686.436543294345,-0.02920743931416617,-3.509767539049984,44.56744358233657
1694.220780696013,-0.03134882570554207,-3.763572164734552,39.75425305119342
1702.040948505005,-0.03007993866956461,-4.082478235760364,35.17752159284075
1709.897212568545,-0.02952991604049208,-4.453168902849235,30.43409156121005
1717.789739499374,-0.02924413996359233,-4.771015587817748,25.55002690086395
1725.718696679282,-0.03186985805922266,-5.116127904251318,20.77676209891032
1733.684252262659,-0.03102066723496405,-5.545017422656612,15.93651427239853
1741.686575180059,-0.02897657709364553,-5.976534808763293,11.22342868333186
1749.725835141787,-0.03073455494744106,-6.453523752881778,5.930818815372149
1757.802202641491,-0.03005638570454259,-6.942870754171605,1.449836058902186
1765.915848959785,-0.0309334211949724,-7.427755660106291,-2.95113414024226
1774.066946167878,-0.03242403760506157,-7.926429299184886,-8.489093323127776
1782.255667131222,-0.03054538268307996,-8.563949663119802,-13.39803143549775
1790.482185513181,-0.03131460652615895,-9.120129589362847,-18.47866944791685
1798.746675778712,-0.03250498927619291,-9.839266223833281,-23.7016560714975
1807.049313198067,-0.03175361871671345,-10.53838293082441,-28.47115417519112
1815.390273850507,-0.03452809967268678,-11.3298865982163,-33.37215078454702
1823.769734628039,-0.0316438252649206,-12.12144178709247,-39.12253545210177
1832.187873239167,-0.03328579032847604,-13.03377315032126,-44.57152208438964
1840.644868212658,-0.03256587727702032,-14.06389928897523,-49.71874570866352
1849.140898901332,-0.03361931509803833,-15.02495639910108,-56.19620431734211
1857.676145485863,-0.03515415989307842,-15.9285006077167,-61.82122589011973
1866.250788978604,-0.03343411473125495,-17.42552775854727,-66.07352842318278
1874.865011227418,-0.03348050240229468,-19.37078034410604,-72.76599793950999
1883.518994919545,-0.03401156621363145,-20.82117266342379,-80.06515349791964
1892.212923585467,-0.03449328961863073,-22.99279138071484,-85.60712557587885
1900.946981602807,-0.03684103673944489,-25.34379904685137,-94.99681218879039
1909.721354200234,-0.0361872462434554,-28.48962449409597,-106.4114588555388
1918.536227461395,-0.03517874039771084,-32.65027211043671,-125.6922041831622
1927.39178832886,-0.03639297228805857,-37.54407287302728,-170.6230277932764
1936.288224608087,-0.03485482544933367,-36.14603728781703,110.4598020364865
1945.225724971404,-0.03761840941143404,-30.7464915279167,96.95426590966551
1954.204478962011,-0.03618790364729617,-28.0058373790722,80.48406807440495
1963.224676998,-0.0368252018662959,-25.84842721363136,70.9718339817973
1972.286510376393,-0.03666307262148819,-24.40702863740708,63.92424819896856
1981.390171277198,-0.0361475642335258,-23.35842699156657,58.52874445023225
1990.535852767487,-0.03823197311650224,-22.38835503249025,51.41004931739179
1999.723748805488,-0.04084014157986978,-21.71521545921209,45.08123341099267
2008.954054244701,-0.0395569423059986,-21.4067169976804,38.06349388799191
2018.226964838026,-0.03829661054913023,-21.10165335024247,32.05775961829649
2027.54267724192,-0.03849090052712227,-20.62018184871124,26.36615555957349
2036.901389020564,-0.03849464214718635,-20.59188533952421,20.88074803804516
2046.303298650055,-0.04132204120126165,-20.45442850434316,13.85049217067111
2055.748605522612,-0.04597059808913125,-20.68051494161697,8.378770386878188
2065.237509950808,-0.03940180357352337,-20.60166538735695,3.720741293845691
2074.770213171816,-0.0389217015411488,-20.97662644892004,-2.655029187596597
2084.346917351678,-0.0375756404383661,-21.19924032422884,-8.823354835826919
2093.967825589593,-0.03998731040885133,-21.61623088024814,-14.24828017589946
2103.633141922222,-0.04312571134442927,-21.90956087416971,-20.94932300605551
2113.343071328015,-0.03946738900305737,-22.52398406704619,-27.65459533676617
2123.097819731564,-0.0394998126679976,-23.44332695191259,-34.18374999272015
2132.897594007963,-0.03936960610994138,-24.20508046223247,-39.96315809520024
2142.742601987197,-0.04100698323225695,-25.04681924284147,-49.34363759697796
2152.633052458553,-0.03932202795274926,-26.39941950762955,-54.07177796904629
2162.569155175043,-0.04453475452134813,-27.70165948816704,-62.58395927018285
2172.551120857857,-0.04109256158810599,-28.99500753120114,-72.54154037881469
2182.57916120083,-0.0410026813987095,-32.32674601677098,-77.48273854843197
2192.653488874928,-0.04132113177391885,-35.0529288781837,-88.53871381594908
2202.774317532766,-0.04156673832703715,-39.72216042318217,-108.9204741646857
2212.941861813133,-0.04418146718360678,-43.38201878098096,-158.8821147162247
2223.156337345543,-0.04499457359570386,-39.83440995403251,136.8715432610206
2233.417960754815,-0.04231377764342728,-36.926917000114,117.6024955767085
2243.72694966566,-0.04288809571099578,-33.65868849248992,85.88111240044637
2254.083522707301,-0.04267180069567542,-30.93070834326702,83.195942080064
2264.487899518104,-0.04233144075647732,-29.49565117233666,79.47323890185714
2274.940300750243,-0.04447757281004301,-28.0376361811266,67.23384556159689
2285.440948074375,-0.04812523172594819,-27.32826618153835,60.5120428798698
2295.990064184343,-0.05451524202991155,-26.47052192076661,55.02342319448267
2306.587872801897,-0.04493907128696337,-25.93098141480667,44.45937208199518
2317.23459868144,-0.04390040897045058,-25.53513247801291,40.93167147907928
2327.930467614794,-0.04414816695780104,-25.21992996249135,32.06277289455738
2338.675706435991,-0.0442645516344635,-24.99274651059393,25.84849817746593
2349.470543026077,-0.04898868199740433,-25.17366843221215,19.13685771377791
2360.315206317952,-0.05229289617850497,-24.92045101250259,11.46268034146544
2371.209926301223,-0.04507882439131317,-25.31120465583761,4.70605428558671
2382.154934027079,-0.04379733909890883,-25.48634134936523,-4.83566823306861
2393.150461613192,-0.04461579818170005,-25.76445175359913,-9.472299796006677
2404.196742248643,-0.04506085251105629,-26.26728029603211,-15.0615498079857
2415.294010198863,-0.04651145359089961,-26.74804914063938,-24.47581747993468
2426.442500810605,-0.05138613143466621,-27.95354825343663,-32.62469194639864
2437.642450516932,-0.05760876148763746,-28.45379561179141,-37.18808236859756
2448.894096842231,-0.04712352037868536,-29.55526323255427,-45.88770445460428
2460.197678407254,-0.04703221956453157,-30.90036948082702,-52.1489938259103
2471.553434934177,-0.0458912021367027,-33.94364529513435,-65.44846669726269
2482.961607251681,-0.04734304650302314,-36.25536591032452,-71.15679184566038
2494.422437300061,-0.04894167898026944,-37.78338134192315,-86.19616738440168
2505.936168136361,-0.05307292772544069,-44.9693652528532,-105.8534094610346
2517.503043939524,-0.06380731100752142,-54.37354454580878,163.3465551502208
2529.12331001557,-0.04614701199839072,-41.21823332577574,123.0013086947757
2540.797212802803,-0.04784927873878821,-39.2294704525501,94.49955927000656
2552.524999877031,-0.04821426182606665,-36.16815828902001,90.75551685799208
2564.306919956824,-0.04674915433125562,-33.12477918989448,77.76200350028637
2576.143222908783,-0.04958417628769173,-31.23733790693659,68.65972550467778
2588.034159752838,-0.05759478047455222,-30.18575624525454,62.57958932639978
2599.97998266758,-0.06212951806857461,-29.70682728676305,51.9008741496144
2611.980944995599,-0.04952491859770442,-28.45785736974106,49.47803849938157
2624.037301248863,-0.04800814041247717,-28.01200234206733,36.32150405646729
2636.149307114114,-0.04960910144661191,-27.54046680794081,33.42265573720155
2648.317219458289,-0.04898059902877976,-27.84098486040154,26.04282372117826
2660.541296333971,-0.05097591613113857,-27.9320991001902,14.79849473060722
2672.821796984858,-0.05651817727360375,-27.73951917215271,9.584106937132105
2685.158981851264,-0.06733773266567268,-28.38667342218169,1.699724450048834
2697.553112575638,-0.05062701548414773,-28.70450810635964,-7.862357005298918
2710.00445200812,-0.05018990840001884,-28.66968956685465,-14.72756565615497
2722.513264212106,-0.05087403150898674,-29.55106989647673,-24.8879868198097
2735.079814469858,-0.05147979717490639,-30.33692600415437,-29.03215750340006
2747.704369288123,-0.05307614151704096,-31.47923994024526,-38.22559595891042
2760.387196403787,-0.05477644145895134,-33.47574348315281,-46.95755022648528
2773.128564789554,-0.06195293806493743,-35.28161204950343,-54.45620457966609
2785.92874465965,-0.06229224569126784,-38.19297060405414,-62.57939915525845
2798.788007475551,-0.05207111842110929,-40.28569828623903,-78.31601280384773
2811.706625951746,-0.05207198273951757,-52.10908682534068,-71.66333549892182
2824.684874061513,-0.05095221299507482,-49.64974093190885,174.1886726566416
2837.723027042736,-0.05320501522629005,-45.32857917584504,107.6446153624375
2850.821361403738,-0.05437492333969461,-42.27895375241636,92.8892374785126
2863.980154929146,-0.05913548705330404,-39.193484926047,87.25234952938567
2877.199686685785,-0.07092660294522005,-35.69480062259793,72.82272302992249
2890.480237028591,-0.05914949153289745,-32.64588769588627,63.03935607551146
2903.822087606561,-0.05288829837133756,-31.29550465221694,61.96884430236416
2917.225521368724,-0.05365040473596537,-30.71952710426856,47.76071664816391
2930.690822570145,-0.05405524894007341,-30.21228074224936,38.21931254761893
2944.218276777945,-0.0539275157803281,-29.97274518081031,27.94754942355767
2957.80817087737,-0.05675658341578718,-29.94224707193292,21.04028020101198
2971.460793077863,-0.06135423899754074,-29.28331988903431,14.80238914646634
2985.176432919185,-0.06835739390061671,-29.22760401496683,-0.1945953548625852
2998.955381277548,-0.06088260853038589,-29.87496132327389,-7.690881928500744
3012.797930371789,-0.05457909641672066,-30.06092580254905,-14.78163448204265
3026.704373769569,-0.05342904164105388,-31.00219494002805,-19.15232932192973
3040.67500639359,-0.05307858782083717,-31.37444857257099,-31.00279035188503
3054.710124527861,-0.05356417872504501,-34.0298154848473,-34.75602374053688
3068.810025823972,-0.05549258726526639,-35.57628024059086,-52.64080941128043
3082.975009307412,-0.06039575971355433,-37.00266320816806,-59.00710656611079
3097.205375383908,-0.06784521149261206,-39.2824217589365,-73.43469916837208
3111.501425845798,-0.06300462603098271,-46.2559758060836,-83.00352860710069
3125.86346387843,-0.05737807871362358,-66.21247668914998,-104.4551429002754
3140.29179406659,-0.05556288202149329,-53.55645566470321,141.8047094643003
3154.786722400967,-0.05485991013025412,-41.90479469091139,103.4726370609098
3169.348556284635,-0.0570348993462869,-40.6732042014884,76.55545032315743
3183.97760453958,-0.05779306044034039,-37.08196162046456,71.00070125579515
3198.674177413242,-0.05927430128576085,-34.89830107123262,63.76104138510949
3213.438586585099,-0.06573414223887711,-34.82933759288809,48.7832546724601
3228.271145173278,-0.06856963035350833,-32.14352853100266,46.58481754464943
3243.172167741193,-0.05794471137429023,-31.0036114766646,37.1136324429438
3258.141970304214,-0.05678161473446171,-31.37857439525104,29.39448970671515
3273.180870336376,-0.05611143726886236,-30.71472440653789,16.97648884814269
3288.289186777103,-0.05673031065858879,-30.57219836815287,4.421669511110679
3303.46724003798,-0.05517437248823778,-31.35769197490029,-4.582877806502012
3318.715352009545,-0.05769446226558445,-31.91447267856052,-6.56908783697105
3334.033846068111,-0.06322766960255377,-32.24513116160254,-27.82889988198743
3349.423047082633,-0.06823052103504738,-32.81975959159527,-28.96698752904288
3364.883281421589,-0.06740592586394188,-34.51165786048003,-40.37751545930379
3380.41487695991,-0.06093082931808969,-36.99468652734573,-49.30736889773694
3396.018163085924,-0.05887234060034452,-39.7823865801189,-59.77252154038234
3411.693470708349,-0.05674939286379449,-42.48980480009998,-64.36739445049162
3427.441132263309,-0.05783068330651185,-50.22711236976406,-112.6510212203342
3443.261481721381,-0.05663517488968831,-53.84157132735757,33.85550534191289
3459.154854594683,-0.05852625193136828,-45.05630821355581,114.7756505893829
3475.121587943985,-0.06017134104876928,-44.41999787304915,84.21380730024384
3491.162020385858,-0.06659961818420437,-40.24893301643203,67.75653563987323
3507.276492099857,-0.06973605658312039,-37.36597998090224,63.54033368321284
3523.465344835736,-0.06209853961705711,-35.02875359048807,51.65947374838521
3539.72892192069,-0.0580175137564231,-33.52443498720063,42.10488535750467
3556.067568266646,-0.06013304011542896,-32.69311885272339,26.15221881010885
3572.481630377567,-0.05732882576839671,-32.75331355997276,15.29207598423005
3588.97145635681,-0.05745192664690826,-31.93312923625439,13.01075007310737
3605.537395914499,-0.0597134026470824,-32.48196843302598,0.3071876853815496
3622.179800374951,-0.05969028345453059,-32.18560202824379,-7.333780484473252
3638.899022684121,-0.06399051192436397,-33.95621369811661,-23.98568219117799
3655.695417417088,-0.0723845450576653,-34.5157174004933,-34.36688069258875
3672.569340785576,-0.06873645451105936,-36.85389763455451,-40.43879347947153
3689.521150645506,-0.06244072369585303,-35.85515729665894,-55.24972213290027
3706.551206504589,-0.05833247236023623,-39.65172336604513,-76.16799792550187
3723.659869529947,-0.06000939591522581,-44.9858775406178,-76.66882058985036
3740.847502555773,-0.05945316618435414,-48.44498354762745,-28.50292618387953
3758.114470091027,-0.06064534313008707,-58.09642589551595,82.52871603767954
3775.461138327169,-0.06214257923762538,-45.2871046728886,90.99981724902753
3792.887875145918,-0.05904877563073144,-40.49484042572531,66.94631238411797
3810.39505012706,-0.0624636471415357,-37.40098099665586,61.49375756591343
3827.983034556281,-0.07002204674061964,-37.75225388577319,57.51107822986273
3845.652201433048,-0.06825094164487938,-34.9974479202868,41.46699575225067
3863.40292547851,-0.06299568038879198,-34.82624033390506,26.36809142992607
3881.235583143458,-0.06143704362755278,-34.04329957477162,18.1983788463134
3899.150552616293,-0.05952636249341516,-33.23388900412039,9.803748672833621
3917.148213831058,-0.06186348027993643,-32.98070261451543,-10.94777075043154
3935.228948475493,-0.05894689435060509,-33.15601795127498,-15.95937210509617
3953.393139999125,-0.06215142065468975,-33.55963335371615,-22.62632136718773
3971.641173621407,-0.06119365962767079,-35.51025398555416,-31.47018254278163
3989.973436339882,-0.06376540416758184,-38.3274492946351,-41.0694990746377
4008.390316938395,-0.06783413237957368,-39.3527863468945,-63.69891500299583
4026.892205995333,-0.07807290206890316,-40.63985138532777,-78.38103186500092
4045.479495891911,-0.06898935698885056,-55.61956201062301,-108.636530506912
4064.152580820495,-0.06525106227635447,-77.21680360358404,-27.37760746440583
4082.911856792961,-0.06311981177780368,-47.9935305206984,73.56223219018283
4101.757721649091,-0.06150737160327473,-41.16948503500357,65.5047480032238
4120.690575065011,-0.06229916245993183,-39.13804137570236,59.58707772624807
4139.710818561671,-0.06133251587586214,-36.74028372559488,40.37383245288493
4158.818855513355,-0.06349243277917577,-37.352286966066,31.69736750516706
4178.01509115624,-0.06155490946359635,-36.51653473468657,11.35989121410685
4197.299932596987,-0.06603579576718531,-34.81790989527607,0.8556079304844388
4216.673788821377,-0.06774437629303168,-34.98513634312794,-1.906025108236676
4236.137070702982,-0.07602862142716003,-33.624955797962,-18.51910390578368
4255.690191011881,-0.07222108733523531,-35.64546279939495,-22.49419864701959
4275.333564423416,-0.06690350197224627,-35.71453643744036,-36.96089966938271
4295.067607526978,-0.0633035605880413,-37.57657738195428,-41.87274152621522
4314.892738834851,-0.06195121661464478,-39.71490753786177,-64.44920021308269
4334.809378791083,-0.06431908571297118,-41.76861234910682,-62.7764449020671
4354.817949780403,-0.06450210039201756,-48.94708652033391,-62.53420725461878
4374.91887613718,-0.06333493256639142,-53.11440255136886,140.4542193274673
4395.112584154422,-0.06428802624562523,-47.88842175385869,98.91980544407879
4415.399502092813,-0.06306983233568846,-43.11675864610392,69.56250312918363
4435.780060189804,-0.06613738801435112,-40.32814789549789,51.2404746395534
4456.254690668728,-0.06976534218934122,-38.07361144634669,37.44649446950382
4476.823827747969,-0.07989053966813553,-36.64404146897677,27.36709128869761
4497.487907650176,-0.07036477888253537,-34.30617524960685,18.06734165578569
4518.247368611507,-0.06430938666141124,-33.64412383153705,-4.584227518299159
4539.102650890928,-0.06370454463427372,-35.80437738573171,-12.64204682358177
4560.054196779548,-0.06604020544237696,-35.45563604043048,-37.84143824714424
4581.102450609998,-0.0630549193296461,-37.07213487441277,-24.37285030406908
4602.247858765856,-0.06513906238554693,-36.77940367002946,-52.55003334801543
4623.490869691112,-0.06626215819557206,-42.31020203690787,-60.89685108232322
4644.831933899682,-0.06173471863682718,-44.61640062220547,-63.20068134893511
4666.271503984955,-0.06505111347758527,-59.06743936277337,-108.5393244262993
4687.810034629401,-0.06711700338693641,-80.55682593772367,28.88898016684655
4709.447982614207,-0.06899966879780237,-49.88488455940533,78.11791774640508
4731.185806828965,-0.07827832922729167,-40.13860817496895,65.63220422250407
4753.023968281407,-0.07378306471567693,-42.4642670180058,92.62612157154992
4774.962930107179,-0.06756200585990675,-35.36693039883831,64.46632635280862
4797.003157579666,-0.06573975870858602,-35.37628060155318,-30.39958518146136
4819.145118119853,-0.06485511061562386,-33.83577019580193,-41.63443297957561
4841.389281306246,-0.06588597434105936,-53.59203853745296,-53.11409474896651
4863.736118884825,-0.06584875191257203,-30.79174357873653,-26.6332760594709
4886.186104779053,-0.06556344880203778,-33.55604940371275,-76.26597700232406
4908.739715099922,-0.06531616458735157,-34.20670198581877,-88.23549672094602
4931.397428156052,-0.0643995984057579,-48.47457977497609,-148.046275454037
4954.159724463838,-0.064816985692662,-40.3176341081486,-31.1626854048793
4977.027086757635,-0.06678777811019325,-45.54499760696081,-133.896615494437
5000,-0.06948455642022006,-62.37548533523297,22.59815189908181
